partid,sich1d,sich2d,sich3d,sich4r,nati1d,nati2r,nati3d,nati4d,simi1d,simi2d,simi3r,simi4d,trutm1,trutm2,trutm3,trunm1,trunm2,trunm3,atnucl,atther,athydr,atgeot,atwind,trugo1,trugo2,trugo3,truco1,truco2,truco3,expval,expsrc,ttext1,ttext2,ttext3,ehydr1,ehydr2,ehydr3,ehydr4,ehydr5,ehydr6,ehydr7,ehydr8,acnucl,acther,achydr,acgeot,acwind,gender,ethnic,ageyea,edupar,polori,source
1,3,2,3,1,3,-3,1,0,2,2,-1,-2,-2,-2,0,0,0,-2,-3,-1,-1,2,2,-2,-2,-3,-2,-1,-2,0,1,2,2,2,-1,2,1,-1,1,-1,1,-1,-3,-2,-1,1,2,0,4,19,7,4,402
2,1,0,-3,1,0,-3,0,0,-1,1,0,-2,3,-2,0,0,0,3,-3,-3,1,2,3,0,-2,-2,0,0,-3,0,0,2,2,2,-1,1,0,-2,1,-2,-2,-2,-3,-3,1,2,3,0,4,19,3,2,402
3,-2,-1,-2,0,-3,-3,-3,-3,0,3,0,-1,-3,-3,-3,1,3,-3,3,-3,-3,-1,3,-1,-3,-2,-3,1,-3,0,-1,1,1,2,-3,-2,-3,-3,1,-3,-3,-3,2,-3,-3,-3,3,1,7,19,5,1,402
5,3, ,-1,1,3,-2,1,3,-2,-2,2,0,3,0,0,0,0,0,-2,-3,2,3,3,0,1,0,0,-3,-3,-1,1,0,0,0,-3,3,2,-2,1,2,0,-3,-3,-1,1,2,3,1,4,21,5,4,402
6,-1,0,1,-2,2,-3,1,-3,1,0,0,3,-2,-1,2,-1,0,2,-3,-3,-1,2,3,0,0,-1,0,-3,0,-1,0,-2,-3,-2,-3,1,2,-2,0,2,-3,0,-3,-3,-2,-3,3,1,4,22,3,4,402
9,2,1,0,3,3,-1,0,0,2,0,0,-1,0,0,0,0,0,-1,-3,-2,-1,3,3,-2,-2,-2,-2,-3,-3,1,-1,-2,-3,-2,0,1,1,-3,1,0,-3,1,-3,-3,-3,0,2,1,4,19,2,4,402
10,1,1,-1,-1,2,-2,0,0,1,3,1,0,-3,-3,-3,2,3,0,-3,-3,-3,3,3,-3,-2,-3,-2,0,-3,0,1,-3,-3,-3,-3,0,0,-3,0,-3,-3,-3,-3,-3,-3,3,3,0,5,41,6,2,402
11,0,-1,-1,-3,2,-1,1,0,-3,-2,-3,-3,-3,-2,-3,3,3,-1,-3,-3,-2,0,3,-3,-3,-3,-3,-3,-3,0,0,-1,-1,-1,-3,-1,-3,-3, ,-3,-3,-3,-3,-3,-3,-3,2,0,4,22,3,2,402
12,-2,-3,-3,-2,2,-3,-3,1,3,3,2,0,-3,0,-2,3,3,2,-3,-3,-3,0,0,-3,1,-2,-3,-2,-2,0,-1,0,0,0,-3,0,-3,-3,0,-3,-3,-3,-3,-3,-3,0,0,0,4,19,2,3,402
13, ,-1,2,-3,1,-1,1,-1,-3,-3,3,3,-1,-1,-1,-1,-1,-1,-3,-3,-3,1,2,-2,-2,-2,-2,-3,-3,-1,-1,1,1,1,-3,0,0,-3,-3,-2,-3,-3,-3,-3,-3,-1,3,1,3,21,5,2,402
18,-3,-3,-3,-3,2,-2,-3,-3,0,3,0,2,-3,-2,-2,0,0,-1,-3,-3,-3,3,3,-3,-3,-3,-3,-3,-3,1,0,-3,-3,-3,-3,-3,-3,-3,-3,-3,-3,-3,-3,-3,-3,3,3,0,4,20,6,4,402
21,2,0,3,3,0,-3,1,-1,2,3,3,1,-3,-3,-3,-1,0,-1,-3,-3,-3,3,3,-3,-2,-3,-3,-3,-3,0,0,-3,-3,-3,-3,-2,-3,-3,-2,-3,-3,-3,-3,-3,-3,2,3,0,3,22,7,2,402
24,-2,0,2,3,2,-3,0,2,2,3, ,-2,-3,-2,-2,-1,-1,-2,-3,-1,-1,3,3,-1,-1,-2,-2,-2,-1,-1,1,0,2,1,-1,1,0,-3,1,-3,-3,-3,-3,-3,-3,3,3,0,4,24,4,4,402
27,-2,2,3,-3,3,-3,-3,1,3,3,3,3,-1,-1,-1,-1,-1,-1,-3,-3,-3,3,3,-3,-3,-3,-2,-3,-3,1,0,-3,-2,-3,-3,-3,-3,-3,-3,-3,-2,-3,-3,-3,-3,3,3,0,6,23,6,4,402
34,-1,1,3,3,1,-3,-3,1,3,3,3,3,3,1,0,0,0,3,-3,-3,-3,3,3,-3,-3,-3,-3,-3,-3,-1,0,3,3,2,1,-3,-3,-3,-3,-1,-3,-3,-3,-3,-3,0,3,0,4,30,6,1,402
37,2,2,0,-1,3,2,-1,-3,-3,-3,-3,-3,3,3,-2,-1,0,3,-2,-1,3,3,3,3,3,2,0,-1,-3,1,-1,3,3,2,3,3,3,-2,2,2,2,0,-3,-3,3,2,3,1,4,20,3,6,402
38,0,0,0,0,3,-3,-1,-1,0,2,0,0,0,3,-1,0,-1,3,-3,-2,-2,2,2,-3,-3,-3,-3,-3,-3,0,1,0,0,0,-3,-2,-3,-3,-3,-3,-3,-2,-3,-1,-1,-3,3,0,4,21,3,4,402
39,-2,0,-3,-2,3,1,-2,-1,-1,0,1,1,-2,-2,-2,-2,-2,-2,-2,-2,3,3,1,-2,-1,-1,1,-3,-1,0,0,1,2,1,2,2,2,-2,1,0,0,-2,-3,-2,2,2,1,1,3,20,2,3,402
40,3,2,0,-2,3,-3,3,-2,-2,-2,-2,2,-3,-2,-3,-3,-3,-3,-3,-3,1,3,3,-3,-2,-3,-3,3,3,0,-1,2,2,3,2,3,3,-1,3,0,-1,3,-3,-3,-3,-1,3,1,5,20,4,2,402
42,2,3,1,0,2,-3,-2,-1,-2,1,0,0,2,1,-1,0,0,1,0,-2,1,2,3,-1,2,-2,2,-1,-1,-1,1,-2,2,-2,0,2,2,-2,-2,0,-3,-3,-2,-2,2,3,3,1,4,20,3,4,402
43,-3,-3,-3,0,2,-3,0,-3,1,3,3,0,-2,-1,-1,-1,3,-2,-3,-3,-3,-3,1,-3,-3,-3,-3,-3,-3,-1,0,3,3,3,-3,-3,-3,-3,-3,-3,-3,-3,-3,-3,-3,-3,-3,0,5,20,3,4,402
45,2,1,-1,-1,2,-2,-2,-1,1,1,2,-2,1,1,1,-1,-3,1,-1,-2,-2,-1,2,-2,-2,-2,-2,-1,-1,1,0,-2,-2,-2,-3,1,-2,-2,-2,-1,-2,-2,-2,-2,-2,-2,2,0,5,22,5,6,402
50,-1,0,-1,-2,2,-3,-2,-2,2,2,2,2,-1,2,2,2,2,0,1,-3,-1,-1,3,-1,-1,-1,-1,-2,-2,-1,-1,1,1,1,0,0,0,-3,0,0,0,0,1,-3,-3,-1,3,0,5,31,6,3,402
52,2,-1,3,3,3,-3,3,-3,2,3,-3,-3,-3,3,-3,-1,-1,3,0,-3,3,3,3,0,0,3,3,-3,-3,-1,0,3,3,2,3,3,3,-3,1,3,1,-3,-3,-3,3,3,3,1,4,21,7,4,402
53,3,2,0,0,3,-3,-1,0,0,0,0,0,2,2,2,3,3,3,-3,-3,-3,0,3,-3,-3,-3,-2,-3,0,1,1,0,1,0,-3,-1,1,-3,-3,-3,-3,-3,-3,-3,-3,0,2,0, ,22, , ,402
54,2,-2,2,-2,3,2,3,-3,-2,-2,0,-2,2,-1,-3,-3,-3,-3,-3,-1,3,3,3,0,-1,1,-3,2,-2,1,0,-2,3,0,2,3,3,3,3,1,3,3,-3,-3,3,3,3,1,7,24,5,7,402
55,3,2,3,2,3,-3,0,0,0,1,-1,-2,-1,-1,-1,-1,-1,-1,-3,-2,-2,-2,1,0,0,0,0,0,0,1,-1,0,0,0,-3,0,-1,-3,-2,-3,-2,-3,-2,-2,-2,-2,1,0,6,21,5,6,402
59,-1,-3,-3,1,3,-3,1,1,0,1,-1,-1,3,-1,-3,-3,-3,2,-3,-3,3,-3,3,2,2,2,2,-3,-3,-1,-1,-1,1,0,-3,1,2,-3,0,-2,-2,0,-3,-3,2,-3,3,1,4,20,2,3,402
61,2,1,1,0,2,0,0,0,-2,-2,0,-2,2,2,1,-1,0,0,-3,0,-2,1,3,1,1,0,0,1,3,-1,0,1,-1,0, ,0,-2, ,-1,-2,-3,-2,-1,0,0,0,0,1,2,19,5,4,402
62,3,1,3,0,2,-3,1,2,1,3,-2,1,2,2,2,0,1,3,-1,0,0,1,2,1,1,2,2,1,1,1,1,2,2,2,-1,2,1,-2,1,-1,-1,-1,-2,-1,-1,0,1,0,4,19,4,4,402
64,3,3,0,0,3,-3,0,0,-1,2,1,-3,-2,-3,-3,-1,0,0,-3,-3,-3,3,3,-3,-2,-3,-3,-3,-3,1,-1,-3,0,-3,-3,0,-3,-3,0,-3,-3,-3,-3,-3,-3,3,3,1,4,22,6, ,402
66,-2,2,-2,-2,2,-2,-1,-2,1,2,1,1,0,0,0,0,0,1,-3,-1,2,2,2,-2,-1,-3,0,-2,-3,0,0,2,2,2,-2,0,-2,-3,-2,-1,-3,-1,-3,-1,1,0,1,1,3,21,2,4,402
67,2,1,0,-1,2,-2,-1,1,2,2,3,0,0,0,1,3,3,2,-3,-2,-3,1,3,-3,-3,-3,-3,-3,-3,0,-1,2,2,2,-2,-2,-2,-3,1,-2,-3,-2,-3,-3,-3,0,2,1,5,22,2,3,402
68,3,3,0,0,3,-2,0,-1, ,3,-1,-3,-2,-2,-3,-3,-3,0,-3,-3,-3,1,3,-3,-3,-3,-3,-3,-3,-1,-1,2,2,1,-3,0,0,-3,0,-3,-3,-3,-3,-3,-3,0,3,1,6,19,4,5,402
71,3,0,3,0,3,-3,0,-3,0,0,0,-3,-3,-3,-3,-3,-3,-3,1,-3,3,3,3,-3,-3,-3,-3,-3,-3,1,1,-3,-3,-3,3,3,3,3,3,3,3,3,2,-3,3,3,3,1,4,23,6,5,402
73,3,2,1,2,3,-3,2,1,-2,1,-2,-3,3,0,2, ,0,3,-3,1,1,3,3,3,3,2,2,0,2,1,-1,2,2,2,-1,3,3,-1,3,0,2,0,-3,0,2,2,3,0,4,21,4,6,402
74,1,-3,-2,-3,-2,-3,-3,-3,3,3,3,3,-3,-3,0,3,3,-2,-3,2,-3,-3,3,-1,1,-2,0,-3,-3,0,1,0,0,0,-3,-3,-3,-3,-3,-3,-3,-3,-3,1,-2,-3,2,0,4,39,5,1,402
76,1,1,-1,-2,3,-3,-1,0,1,3,2,-1,0,0,0,0,0,2,-3,-2,-3,-2,-2,-3,-3,-3,-3,-1,-1,0,-1,0,-1,-1,-3,1,-2,-3,1,-3,-3,-3,-3,-3,-3,-3,-3,0,4,19,5,4,402
78,3,2,1,-2,3,-3,0,-1,1,1,1,1,1,0,0,0,0,2,-3,-2,-2,-2,3,1,0,2,-1,-1,-1,-1,1,1,0,0,-1,1,1,-3,1,-3,-3,-1,-3,-2,-2,-1,3,0,5,21,6,7,402
80,2,2,-1,-1,0,0,-3,-2,0,3,3,2,-3,-3,-3,0,2,2,-3,-3,-3,0,3,-3,-3,-3,-3,-3,-3,1,1,-3,-3,-3,-3,-3,-3,-3,-3,-3,-3,-3,-3,-3,-3,0,2,0,4,21,3,2,402
82,2,1,-1,-2,3,1,1,0,-1,-1,-1,0,1,0,0,0,0,1,-2,-1,1,2,3,-1,0,-1,0,-2,-3,1,-1,1,1,1,1,2,-1,-2,-2,-1,-1,0,-3,-2,1,2,2,1,6,21,6,5,402
85,2,1,1,0,2,-3,0,-1,2,2,0,2,2,1,0,-3,-2,2,1,2,2,1,0,-1,-1,0,2,0,0,0,-1,0,0,0,0,0,0,0,0,0,0,0,-3,-3,-3,-3,0,1,5,20,4,6,402
86,1,0,-2,-1,1,-2,-3,-2,1,1,2,0,-3,-3,-3,3,1,-2,-1,-1,1,1,1,-1,1,0,-1,-2,-2,-1,-1,-1,0,-1,0,1,1,-2,2,0,0,0,-2,-2,1,2,2,1,3,21,6,2,402
87,3,3,3,3,3,-3,-2,-3,3,3,3,1,-3,-3,-3,-3,-3,-3,-3,-3,-3,1,1,-3,1,-3,-3,-3,-3,-1,1, , , ,-3,-1,-2,-3,-3,-3,-3,-3,-3,-3,-3,0,0,0,5,19,3,2,402
88,2,0,-3,-3,1,-2,1,2,0,0,0,-3,0,1,1,0,0,2,-3,-3,1,1,3,-3,-2,-3,-3,-2,-3,-1,0,-2,-2,-2,-3,0,-2,-3,-3,-3,-3,-3,-3,-3,-3,-3,3,1,4,20,3,4,402
91,-2,-2,-2,2,-2,3,-2,-2,-3,-3,2,-3,-3,-3,-3,0,0,0,-3,-3,-3,-3,-3,-3,-3,-3,-3,-3,-3,1,-1,0,0,0,-3,-3,-3,-3,-3,-3,-3,-3,-3,-3,-3,-3,-3,0,2,25,7,1,402
92,1,-2,1,-1,2,-2,-2,1,-2,0,-2,-2,-3,1,-3,0,2,1,-3,-3,-3,3,3,-3,-3,-3,-3,-3,-3,0,1,1,1,1,-3,1,1,-3,-3,-3,-3,-3,-2,-2,-2,0,3,0,5,22,5,3,402
93,3,2,0, ,2,-2,2,2,1,1,-1,-2,1,1,1,0,1,2,-3,-2,-1,1,3,1,2,1,2,-3,-3,0,0,1,3,2,-2,2,0,-3,2,2,0,-2,-3,2,-2,2,3,1,4,21,4,4,402
94,1,0,-3,-1,3,-3,-1,-3,1,3,0,0,3,0,0,0,0,3,-3,3,1,3,3,2,1,1,1,-1,-1,0,-1,2,1,1,1,2,2,-2,3,-2,-1,-2,-3,3,1,1,3,0,4,19,3,5,402
96,2,2,-2,-2,3,-3,0,1,0,3,3,-3,0,1,0,0,0,1,-3,-3,-3,2,3,-2,-2,-3,1,-3,-3,-1,1,2,2,2,-1,-1,-3,-3,0,-3,-3,-3,-3,-3,-3,3,3,0,4,22,6,4,402
101,1,2,0,3,1,0,-3,-3,-2,0,-2,0,-1,-1,-1,-1,-1,-1,-3,-3,-3,2,2,-3,-3,-3,-2,-3,-3,0,1,0,0,-2,-2,-2,-3,-3,-3,-3,-3,-3,-3,-3,-3,2,2,1,2,24,2,4,402
103,-2,1,2,0,2,-2,-2,-2,1, ,2,0,-3,-2,-1,2,2,3,-3,-3,-3,3,3,-1,2,0,2,-3,-3,0,-1,0,0,0,-3,2,1,-3,0,-1,-3,-3,-3,-3,-3,2,2,0,1,20,5,3,402
106,1,3,3,-3,3,-3,-2,0,1,3,3,1,1,2,2,2,2,2,-3,-3,-1,2,3,-1,-1,-1,-1,-1,-1,-1,0,-2,-2,-2,-1,2,-1,-3,2,-1,-2,-2,-3,-3,-3,1,3,0,4,21,5,3,402
108,0,1,0,0,1,-2,0,0,-1,1,0,-1,-1,-2,-1,0,0,-2,-3,-3,-3,-1,3,-3,-3,-3,-2,1,0,1,0,2,2,2,-3,2,2,-3,1,0,1,-3,-3,-3,-3,1,3,0,1,19,3,3,402
109,3,3,-2,0,3,-3,0,1,0,3,3,-3,-1,-1,0,0,2,2,-3,1,2,-3,3,0,2,0,0,-3,-3,1,-1,-3,3,3,-1,2,2,-1,-1,0,-2,-2,-3,-1,2,-3,3,1,5,21,6,2,402
111,3,3,3,2,3,-3,-2,3,2,2,2,3,-3,-3,-3,-3,-3,-3,-3,-3,-3,3,3,-3,-3,-3,-3,-3,-3,0,0,-3,-3,-3,-3,-3,-3,-3,-3,-3,-3,-3,-3,-3,-3,3,3,1,6,25,3,3,402
112,-2,-2,0, ,-3,0,-2,0,-1,-2,0,1,-2,-2,-2,-2,-2,-1,-3,-3,-3,0,3,-3,-1,-2,-3,-3,-3,0,-1,0,0,0,0,-1,-3,-3,-1,-1,-3,-3,-3,-3,-2,2,3,1,5,22,5,4,402
113,0,0,-2,-3,0,-3,-2,-2,1,1,1,3,-1,-1,-3,-3,0,0,-3,-2,-1,1,3,-2,-3,-2,-2,-3,-3,-1,-1,2,3,2,-1,3,-3,-3,-2,-2,-2,-3,-3,-2,-1,1,3,1,5,20,3,3,402
114,0,3,-3,-3,0,-3,-3,-3,3,3,3,3,-3,-3,-3,3,3,0,2,-3,-3,3,3,-3,0,0,0,-3,-3,-1,1,3,3,3,-3,0,0,-3,0,-3,-3,-3,1,-3,-3,3,3,0,4,22,4,1,402
116,3,3,3,3,3,-3,2,3,2,3,2,3,0,0,0,0,0,0,2,2,2,2,2,3,3,3,3,0,0,1,1,2,2,2,-3,3,-3,-3,2,-3,-3,-3,2,2,2,2,2,0,4,22,2,6,402
117,2,0,2,2,1,1,0,0,2,3,2,1,-2,-1,1,1,-2,0,-3,-2,-1,-3,1,-2,-2,-2,-2,-2,-2,1,0,0,0,0,-3,2,1,-3,1,-3,-3,0,-3,-2,-3,-3,2,0,2,21,3,4,402
118,2,2,2,2,3,-3,-3,-1,3,2,2,1,3,2,1,0,1,0,-2,0,-1,1,2, , , , , , ,1,-1,1,2,2,-2,1,2,-3,0,-2,-2,-2,-2,-2,-2,-2,2,0,1,24,2,4,402
120,0,-3,-3,-2,0,-3,-3,-3,2,3,3,2,0,0,-1,0,-2,2,-3,-2,-3,3,3,-3,-3,-3,0,0,0,0,0,1,1,3,-3,-3,0,-3,-3,-3,-2,-3,-3,-1,-2,2,3,0,5,21,3,3,402
121, ,0,-3,-1,3,-3,-1,1,0,1,0,0,0,0,0,0,0,1,-1,-1,-1,-1,3,0,0,0,0,0,0,0,-1,0,0,0,-3,1,1,-3,1,-3,-3,-3,-1,-1,-1,-1,3,0,4,20,5,5,402
122,-1,0,-1,0,-3,3,-3,-3,2,3,3,2,-3,-3,-3,-3,0,1,-3,-3,-3,1,3,-3,-3,-3,-3,-3,-3,-1,-1,2,2,2,-3,-2,-2,-3,-3,-3,-3,-3,-3,-3,-3,-1,2,0,7,22,3,3,402
123,1,0,0,-2,2,-2,2,0,2,3,2,3,0,0,0,0,0,0,-3,-3,0,0,3,-1,-2,-1,-3,0,0,-1,1,2,2,0,-3,1,1,-3,1,-3,-3,-3,-3,-3,-3,0,3,0,1,19,2,3,402
127,0,0,-2,-2,1,-3,0,0,1,2,2,-3,-3,-2,-1,0,0,0,-2,-3,-3,1,3,-3,-2,-1,-3,-3,-3,1,-1,-3,-3,-3,-3,-1,-2,-3,-3,-3,-3,-3,-3,-3,-3,0,3,0,4,20,3,3,402
128,0,2,-3,1,3,-3,-2,3,-3,3, ,-3,3,1,1,0,3,-2,-3,-3,1,3,3,-2,1,-1,1,-3,-3,0,1,-2,2,1,2,3,-2,-3,1,1,2,-3,-3,-3,-3,1,3,1,7,21,4,1,402
129,3,1,-1,-1,3,-2,-2,-1,-2,-2,1,-3,3,3,1,0,0,0,-3,2,0,2,3,-1,0,-2,2,1,1,0,0,2,2,1,1,2,0,-3,2,-2,-1,2,-3,-1,0,-3,3,0,7,20,6,4,402
130,2,1,3,1,1,-2,-3,-2,3,3,3,3,-1,-2,-1,-1, ,3,-3,-3,-3,2,3,-3, ,2,3,-1,3,0,-1,-2,-3,-1,-3,3,0,-3,3,0,-1,-2,-2,-2,-2,2,3,1,2,22,2,3,402
131,2,1,-1,1,1,-3,-1,-1,0,1,0,0,2,3,1,1,2,2,-2,-3,-1,2,3,-2,-2,-2,-2,-2,-2,-1,-1,1,2,2,-2,0,0,-3,0,-2,-3,-3,-3,-3,-3,2,3,0,4,22,5,4,402
135,1,-2,0,-2,3,0,0,1,1,1,2,-1,2,2,2,0,1,1,-1,-3,-1,1,3,1,0,0,0,-1,-1,1,0,2,1,1,-3,2,0,-3,1,-2,-3,-2,-2,-2,0,2,2,0,4,20,5,4,402
136,-2,-2,-3,-3,3,-3,-3,1,3,3,3,2,-2,-2,-2,0,0,2,-3,2,-3,2,3,-3,-3,-1,-3,2,-2,1,-1,-2,-2,3,1,2,3,0,2,3,2,3,-3,-1,-3,0,3,0,4,22,6,2,402
137,1,1,1,2,3,-3,-3,-3,1,2,-1,-3,2,1,0,0,0,1,-3,-1,-3,1,3,-1,1,-1,-1,-3,-3,0,1,-1,-1,1,-3,1,1,-3,1,-1,1,-3,-3,-2,-2,2,3,0,6,22,3,1,402
140,1,2,0,0,0,-1,0,0,2,3,3,0,-1,0,0,0,1,1,-3,-3,-2,1,3,-2,-1,-2,0,0,0,-1,-1,2,2,2,-2,0,0,-3,0,-1,-3,-3,-3,-3,-3,3,3,0,4,22,4,3,402
141,2,-3,0,0,3,-3,-1,2,0,3,0,0,3,1,2,-1,0,3,-3,1,2,-3,3,-2,-3,-3,-2,-1,1,-1,1,1,1,2,-1,1,2,-2,2,-3,-3,-2,-3,-2,-1,0,3,0,5,22,6,3,402
143,1,2,-3,-3,3, ,-2,-2,1,2,0,-1,3,-2,-3,-2,3,-1,-3,1,-3,2,3,-3,-3,-3,-3,-2,-3,1,1,2,0,-1,-1,1,1,-3,0,0,-1, ,-3,-3,-3,1,3,1,7,20,4,2,402
144,1,2,0,-2,-1,-3,-3,0,1,3,0,1,0,2,0,0,0,2,-2,0,1,0,2,-1,1,-1,-1,-1,-1,1,0,-2,0,-1,0,2,1,-2,2,-2,-1,-2,-2,-1,-1,0,2,0,5,20,4,3,402
146,3,3,2,-3,3,-3,-1,3,2,2,2,1,3,2,0,0,0,2,2,0,-3,-3,3,-2,-1,-2,-2,-3,-3,0,1,-2,-2,-2,-3,-3,-3,-3,-3,-3,-3,-3,-3,-3,-3,-3,3,0,5,20,3,6,402
147,3,2,3,3,2,-3,1,1,3,2,2,2,3,2,2,0,0,2,-3,-3,3,3,3,-3,-2,-3,-3,-1,-2,0,0,2,2,1,1,0,1,3,3,1,0,3,-3,-3,2,3,3,0,3,30,2,5,402
148,2,0,1,0,0,-1,0,0,1,2,0,2,-1,-1,0,0,0,2,-3,-2,0,2,3,-2,0,-3,0,-3,-2,0,-1,-1,-2,-1,-3,-3,-3,-3,-2,-3,-3,-3,2,-1,0,-3,3,0,3,20,3,3,402
152,2,-2,3,-1,3,-3,1,0,-2,3,-2,-1,2,2,0,0,0,1,-3,0,1,1,1,-1,-1,-1,-1,-1,-1,1,1,1,1,0,-1,1,1,-3,2,-2,-1,-2,-3,-1,-3,-1,-1,0,4,21,3,3,402
153,2,-2,0,1,3,-3,0,0,-1,3,-1,0,0,-1,-1,0,0,1,1,-2,-3,2,3,-3,-2,-3,-3,-2,-3,1,0,1,-2,-2,1,1,1,-3,-1,-3,-3,-3,1,-3,-1,1,2,1,4,23,4,3,402
155,3,2,3,1,3,-2,3,2,-2,-3,-1,0,0,-2,0,0,1,1,-2,-3,-1,3,3,2,2,-2,-1,-3,-3,0,1,3,2,2,-3,3,3,-3,0,0,-3,-3,-3,-3,-3,3,3,1,6,22,6,4,402
156,3,2,0,-1,3,-3,2,3,2,2,2,-2,2,1,0,-2,-2,0,-3,-1,3,2,2,1,2,1,3,1,2,0,0,2,1,2,1,0,-1,2,1,0,-2,-1,-3,-1,2,2,2,1,5,20,2,4,402
161,-2,0,0,0,-2,-3,-3,3,3,3,0,-3,-3,-3,-3,-3,-3,-3,-3,-3,-3,3,3,-3,-1,-3,-3,1,-3,1,1,-3,-3,-3,-3,0,0,-3,-2,2,-2,-3,-3,-3,1,3,3,1,2,21,6,1,402
162,3,3,1,0,0,-3,-2,-2,3,3,3,0,-3,-3,0,3,3,2,-3,-3,-3,1,3,-3,0,-3,0,-1,-3,1,0,-2,-3,-2,-3,-3,-3,-3,-3,-1,-3,-3,-3,-3,-3,2,3,0,4,22,6,2,402
164,3,-1,1,0,0,-3,-3,-1,0,2,0,-2,1,0,0,0,0,-2,-3,0, ,0,2,-3,0,-3,-2,1,-2,0,1,-2,-2,-2,-2,0,-2,-3,-2,-3,-3,-3,-3,0,0,0,2,0,4,22,3,4,402
166,3,-1,-3,-2,1,-2,0,0,-1,2,0,0,-3,-2,0,0,3,-2,-3,0,0,3,3,-3,-3,-3,-3,-3,-3,0,-1,3,0,2,-2,3,0,-3,2,-3,-2,-3,-3,0,1,-3,2,0,2,21,3,3,402
169,3,3,-1,-1,3,-3,2,3,3,3,3,3,3,2,1,0,0,0,-3,2,3,3,3,-1,0,-1,-1,-2,-2,-1,0,-1,-1,1,3,2,1,0,3,-1,0,0,-3,-3,2,2,3,0,6,21,6,4,402
172,-1,-2,-3,3,3,-3,-3,-3,-3,2,-3,-3,0,0,0,0,0,0,-3,-3,-2,-1,-1,-2,-3,-3,-3,-2,-2,1,-1,-3,-3,-3,-3,-3,-3,-3,-3,-3,-3,-3,-3,-3,-3,-3,2,1,3,20,3,4,402
173,1,1,1,-1,1,-3,-2,-3,0,1,-1,-1,1,1,1,1,1,1,-1,-1,1,2,2,-1,-1,-1,-1,1,1,0,1,2,3,2,1,1,1,1,1,1,1,1,1,-1,2,2,2,1,4,21,6,4,402
176,3,0,0,0,3,-3,0,0,0,1,0,0,2,3,2,0,0,2,-3,0,-3,-3,3,0,0,-2,0,0,-2,-1,-1,-3,-3,-3,-3,1,-3,-3,-3,-3,-3,-3,-3,-3,-3,-3,3,0,6,20,6,4,402
177,0,1,-2,-2,3,-3,-2,-1,1,2,0,1,-2,-2,-2,-2,-2,-2,-3,-3,-3,2,3,-3,-3,-3,1,-3,-3,-1,1,-2,-2,-2,-3,-3,-3,-3,-3,-3,-3,-3,-3,-3,-3,2,3,0,6,21,3,2,402
178,-1,0,-2,-2,3,-3,-2,-2,0,3,0,2,1,0,0,0,0,1,-3,-3,1,1,1,-2,-2,-2,-2,-2,-1,-1,0,2,2,2,-2,1,-2,-3,2,-3,-3,-3,-3,-3,1,-2,2,1,5,21,3,4,402
179,1,1,-3,-3,-2,-2,-3,-3,1,3,1,3,-3,-3,-3,2,2,1,-3,-3,-3,1,3,-3,-3,-3,-3,-3,-3,1,1,-3,-3,-3,-3,-2,-3,-3,-2,-3,-3,-3,-3,-3,-3,1,3,0,1,22,2,3,402
181,2,2,1,2,2,-2,-2,1,-3,-1,-3,-3,2,1,1,-1,-1,1,-1,-3,-2,3,3,2,2,2,2,2,2,1,-1,1,2,2,-2,2,2,-1,2,1,-2,-1,-3,-3,-1,2,3,1,5,20,3,5,402
182,-2,-2,-1,-2,2,-2,-2,0,-1,0,0,1,2,2,-2,-1,-1,0,2,-3,3,2,1,0,0,2,2,3,2,0,1,3,2,3,2,3,3,1,1,2,0,0,2,-3,2,1,2,1,5,19,6,6,402
184,2,2,1,-1,3,-3,0,0,-2,3,0,0,2,2,0,0,0,0,-2,2,1,1,3,0,1,0,0,1,0,0,-1,1,2,-1,-1,1,-1,-3,-2,-3,-3,-2,-3,-1,-1,-1,3,0,1,22,4,4,402
186,2,1,3,-3,3,-3,0,1,3,3,3,1,1,1,-2,-3,-3,0,-3,-3,-3,3,3,-3,0,1,-2,-3,-3,-1,1,3,3,3,-3,1,0,-3,-3,-3,-3,-3,-3,-3,-3,3,3,0,5,19,6,3,402
189,3,1,-1,0,0,-3,-3,-2,2,3,2,0,3,1,1,2,0,2,-3,-3,-3,2,3,-1,0,0,1,-1,-1,1,0,0,0,0,0,0,0,0,0,0,0,0,-3,-3,2,2,2,0,4,19,5,4,402
190,0,2,-2,-2,2,-3,-3,-1,2,3,2,3,2,2,0,0,3,2,-3,-3,-1,-3,3,-2,-2,-3,-3,-3,-3,1,-1,-3,-3,-3,-3,-2,-2,-3,-3,-3,-3,-3,-3,-3,-2,-3,3,0,3,21,3,3,402
191,-3,-3,-3,-3,-3,3,0,0,-3,-3,-3,-3,-3,-3,-3,-3, ,-3,-3,-3,-3,-3,3,-3,-3,-3,-3,-3,-3,0,1,0,1,0,-3, ,2,0,2,0,-3,0,-3,0,0,0,0,0,5,20,4,3,402
192,2,1,2,2,0,-1,0,0,1,2,2,-2,-3,-2,-2,1,1,0,-3,-3,-3,-3,3,-3,-3,-3,-3,-3,-3,0,0,0,0,0,-3,0,-2,-3,0,0,-2,-3,-3,-3,-3,-3,3,1,4,45,2, ,402
194,1,-3,1,2,1,-1,0,1,-2,-1,-2,-1,-1,0,-1,1,0,2,-3,-1,-1,3, ,-1,-1,-2,1,-3,-2,-1,-1,2,2,2,0,2,0,-3,1,-2,-1,-2,-3,-1,-3,2,2,0,4,22,3,5,402
196,2,1,-1,2,3,-1,-3,-2,0,1,-2,-3,-3,-3,-3,1,1,-3,0,-3,1,3,3,-3,-3,-3,-3,-1,-3,-1,0,3,3,3,-3,0,-2,-3,-3,-3,-3,-3,-2,-3,-1,3,3,1,6,27,6,4,402
198,2,3,3,0,1,-2,1,2,-1,1,-2,0,2, ,-2,-1,-1,0,-3,0,1,1,3,2,1, ,0,0,-1,1,-1,1,1,1,2,1,-2,-3,0,-2,-2,-1,-3,-1,-1,0,3,0,4,20,6,5,402
2321,2,1,0,-3,3,-2,3,3,-2,1,-1,1,2,3,0,0,0,1,-3,-1,1,2,3,1,-1,1,2,0,0,-1,0,3,3,3,2,2,1,-3,0,-2,-3,-1,-3,-1,0,2,3, ,6,23,6,4,402
2322,1,-1,0,1,1,-2,-1,-1,0,0,0,-2,2,1,0,0,0,1,-2,-2,-1,0,1,-1,-1,1,-1,0,0,1,1,-2,-2,-1,0,2,2,-3,2,0,2,-2,-2,-2,-1,0,1,0,4,25,4,2,402
2325,2,-1,-1,-1,3,-3,-3,-3,2,3,3,-2,0,2,-2,0,2,1,-3,-3,-3,-3,3,-1,-1,-3,-1,-3,-3,0,1,-3,-3,-3,-3,-1,-3,-3,-3,-3,-3,-3,-3,-3,-3,-3,3,0,4,23,4,2,402
2326,2,0,-1,-1,2,-2,1,0,0,0,1,1,0,0,0,0,0,0,-3,-3,-1,-1,0,-1,-2,-1,-1,-1,-2,0,0,-2,-1,-2,0,0,0,-3,0,-3,-3,-3,-2,0,-2,-1,-1, ,5,23,6,4,402
2327,2,1,1,1,1,-2,-1,-1,1,0,-1,-2,-2,-2,-2,-2,-2,-2,-3,-2,-2,2,3,-2,-2,-2,-2,-3,-3,0,-1,0,-2,-2,-3,-2,-2,-3,-2,-2,-3,-3,-3,-3,-3,2,3,0,5,21,3,4,402
2328,3,2,0,2,3,-2,2,0,1,2,2,-2,2,2,2,0,0,3,-2,-3,-1,2,3,1,1,-1,2,-1,-2,-1,-1,2,2,2,-2,1,0,-3,0,-2,-2,-3,-3,-3,-3,3,3,0,4,20,4,4,402
2330,-2,-2,-2, ,0,-2,-2,0,2,2,2,2,-1,-1,0,0,0,-2,-2,-2,-2,0,2,-1,-1,-1,1,-2,-2,-1,0,2,2,2,-1,1,1,-3,0,0,-1,-3,-2,-2,-2,0,2, ,5,23,4,3,402
2331,2,1,2,-2,2,-2,2,3,0,1,0,0,2,1,1,1,1,1,-3,-3,2,2,2,0,0,1,0,0,0,1,1,1,1,1,3,2,2,1,2,1,1,2,-3,-3,1,-1,-2, ,5,23,2,4,402
2332,3,1,0,-3,0,-3,0,0,3,3,3,1,-3,-3,-3,1,1,3,-3,-3,-1,3,3,-3,-3,-3,-2,-3,-3,1,0,-3,-1,-2,-2,2,-3,-3,-2,-3,-3,-3,-3,-3,-2,3,3, ,5,23,5,2,402
2335,3,0,1,3,3,-3,1,-1,3,3,3,-3,3,2,1,0,0,3,-3,3,3,3,3,3,3,3,3,1,1,0,0,0,0,0,-2,2,0,-3,3,-2,2,-3,-3,-3,2,-3,2,0,4,24,2,4,402
2336,2,2,1,-1,3,-3,1,0,2,3,3,3,3,1,1,1,2,2,-2,1,1,1,2,1,1,1,1,1,1,0,-1,2,2,2,-1,-1,-1,-1,-1,-1,1,-1,-3,-1,-1,-1,-1,0,1,23,5,6,402
2338,2,0,1, ,1,-2,0,1,-1,1,-1,-2,2,1,1,0,0,2,-3,-3,-3,3,3,-3,0,-3,-1,-3,1,-1,1,2,2,2,-2,0,-2,-2,1,-3,-3,-3,-3,-3,-3,1,3, ,4,20,3,4,402
2339,2,0,1,2,0,-3,0,0,0,3,3,1,-1,-1,-1,2,2,1,-3,-3,-3,3,3,-1,-1,0,-1,-1,-1,-1,0,2,2,2,-3,3,-2,-3,2,-2,-3,-3,-3,-3,-3,3,3, ,4,26,3,2,402
2341,-2,-2,0,-1,3,-3,-3,-3,3,3,3,3,-3,-3,-3,1,1,-3,-3,-3,-3,2,2,-3,-3,-3,0,-1,-3,1,0,-3,-3,-3,-3,2,0,-3,-3,-3,-3,-3,-3,-3,-2,2,2,0,4,23,3,4,402
2343,3,2,0,-2,2,-2,3,2,-1,2,1,0,3,2,2,-1,-1,1,2,-1,2,2,2,2,2,2,2,2,2,0,1,2,2,2,2,2,2,2,2,2,2,2,1,0,1,1,1, ,3,22,6,6,402
2344,2,0,2,3,2,-1,-1,-2,-3,2,2,-1,-1,1,0,0,0,0,-3,-3,-3,1,2,-1,1,-1,-1,-3,-3,0,0,-3,-3,-3,-2,-1,-2,-3,-2,-3,-2,-3,-3,-3,-3,0,1,0,6,20,3,4,402
2346,3,-3,2,2,3,-3,-1,1,2,3,2,2,2,2,2,2,2,2,-3,1,2,1,2,2,1,2,2,2,2,-1,-1,1,0,1,-3,1,1,-3,1,-3,-3,-3,-3,-3,-3,-3,-3,0,2,21,3,4,402
2347,1,2,2,0,1,-1,0,1,2,2,1,2,0,0,0,0,0,0,-3,-2,-2,-2,3,-3,-3,-3,-3,-3,-3,-1,1,-1,0,-1,-2,-2,-2,-3,-3,-3,-3,-3,-3,-3,-3,-2,2,0,2,24,2,3,402
2349,3,3,2,2,0,-3,-2,-2,2,3,3,-3,1,1,1,2,1,2,-2,-2,-3,2,3,1,1,1,-1,-2,-1,1,1,-2,-2,-2,2,2,1,-3,3,-1,-3,-3,-2,-3,-3,2,3,0,3,22,3,6,402
2350,2,3,2,2,2,-2,0,0,2,2,2,-2,-3,3,-3,0,0,1,-3,-2,-2,3,3,-3,-3,-3,-3,-3,-3,1,0,-3,-3,-3,-3,2,0,-3,1,1,-1,-2,-3,-2,-2,3,3,0,4,29,3,4,402
2351,0,-1,-3,-2,3,-3,0,-3,2,3,3,3,-3,1,0,0,0,2,-3,-3,-3,-2,3,-2,-2,-3,-2,-3,-3,1,-1,-3,-3,-3,-3,2,-2,-3,0,-2,-3,-3,-3,-3,-3,-3,3,0,5,23,3,3,402
2352,3,2,3,2,3,-3,1,1,0,2,0,-2,3,3,0,0,0,3,-1,1,2,3,3,2,3,3,3,1,1,0,1,3,3,3,0,3,1,-1,2,0,1,0,-3,-1,2,2,3,0,4,22,3,5,402
2353,-2,-2,-3,-3,2,-2,-3,-1,-3,0,-3,2,2,1,2,3,1,3,-3,-3,-1,-1,3,-2,1,-1,-1,2,1,0,0,0,2,0, ,-1,-2,-3,0,1,1,-3,-3,-3,-3,-3,3,0,5,23,5,2,402
2354,1,1,1,0,1, ,0,-1,0,0,0,0,3,-3,-3,-3,-3,-3,-3,3,3,3,3,1,1,1,1,1,1,0,-1,-1,-1,-1,-3,-3,-3,-3,-3,-3,-3,-3,-3,-3,-3,3,3,0,5,23,3,4,402
2358,0,0,1,0,2,-1,-1,-1,0,1,0,-1,3,3,1,2,1,2,-1,-2,2,2,2,2,2,0,1,2,2,1,1,2,2,2,-1,1,1,-2,-1,-2,-2,-2,-3,-1,-2,2,2,0,3,20,4,4,402
2360,1,-3,0,0,0,-1,0,1,0,0,3,0,-3,-3,-3,-3,-3,-3,2,-3,-3,3,3,-3,-3,-3,-3,-3,-3,1,-1,-3,-3,-3,-3,-3,-3,-3,-3,-3,-3,-3,2,-3,-3,3,3,0,5,23,5,5,402
2361,2,2,1,0,3,-2,-2,-3,0,1,-1,2,2,2,1,0,1,1,-3,-2,-3,0,2,-2,-1,-1,-2,-3,-1,0,1,0,0,0,-3,-2,-3,-3,0,-3,-3,-3,-2,-2,-2,0,2,0,4,21,4,4,402
2363,3,3,3,1,3,-1,0,1,2,2,1,1,0,0,0,0,0,-1,-3,-3,2,2,2,0,-1,0,1,-3,-2,0,-1,1,1,-1,-2,-1,-1,-3,-3,-2,-2,-2,-3,-3,0,2,3,0,6,24,5,5,402
2364,3,2,1,3,0,-3,-3,0,3,3,3,-3,2,2,2,0,0,2,-3,-3,-3,0,3,-3,-3,-3,-3,-3,-3,-1,-1,-3,-3,-3,-3,2,1,-3,1,-2,-3,-3, ,-3,-3,-3,3,0,4,21,3,1,402
2365,3,2,1,1,2,-1,2,0,0,0,-1,-2,0,0,0,1,1,0,-1,-1,-1,1,1,1,-1,0,0,-1,-1,-1,1,-1,-1,-1,-2,2,1,-2,1,-1,0,-1,-1,-1,-1,1,1,0,3,23,6,5,402
2366,1,1,2,1,2,-2,0,0,0,2,2,0,1,1,0,2,1,0,-3,-3,1,2,2,-2,0,-1,1,0,0,-1,0,2,2,2,0,-1,0,-3,-1,0,0,-2,-3,-3,-2,0,2,0,4,24,4,3,402
2368,1,-1,-2,0,2,-3,0,0,0,0,0,0,1,1,0,0,0,-1,-1,1,0,-2,3,-1,-1,2,-2,0,0,1,0,0,0,0,-1,0,0,-2,-1,-3,-1,-3,-2,-1,-1,0,2,0,1,22,2, ,402
2369,3,-2,-2,3,3,-1,-1,-1,3,1,3,3,0,0,0,0,0,0,-3,-3,2,2,3,-3,-3,-2,-1,-3,-3,1,-1,2,2,2,3,3,3,2,2,2,2,1,-3,-3,2,2,3,0,5,23,6,3,402
2370,2,0,-2,-2,3,-2,3,-2,0,0,0,0,3,-3,-3,-3,-3,-2,-1,2,3,3,3,3,3,3,3,3,3,0,1,3,2,2,3,3,3,3,3,3,1,2,-2,2,3,2,3,0,2,21,2,7,402
2371,2,2,0,-1,3,-2,0,0,0,3,1,-2,2,2,1,2,-1,3,-3,0,-3,-3,2,3, ,2,0,2,3,0,0,-3,-3,-3,-3,1,-1,-3,1,-3,-3,-3,-3,0,-3,-3,1,0,4,24,5,5,402
2374,1,1,3,0,3,-1,3,3,0,0,1,-3,3,2, ,0,0,3,-3,-3,-3,-3,3,-3,-3,-3,-3,-3,-3,-1,1,3,3,3,-3,1,-3,-3,-3,-3,-3,-3,-3,-3,-3,-3,3, ,4,20,4,4,402
2376,3,3,3,0,3,-2,3,1,-3,3,0,0,-3,-3,-3,-3,-3,1,-3,-3,3,-3,3,1,1,1,0,0,0,1,1,0,0,0,0,3,2,2,1,2,2,2,-3,-3,3,-3,3,0,7,22,4,5,402
2377,2,2,2,1,2,0,2,1,2,2,2,0,1,2,1,1,1,2,-3,-2,-2,0,0,0,0,-2,0,-1,-2,1,0,-3,-2,0,0,1,0,-3,-3,-1,-2,-3,-3,-3,-3,-2,1,0,2,22,3,4,402
2378,-3,0,-3,-2,2,-2,-2,-1,0,0,0,0,-3,-3,-3,-3,-3,-3,-2,2,2,2,2,-1,-1,-1,-1,-1,-1,1,-1,0,0,0,1,1,1,-2,1,-2,-2,-1,-2,2,2,2,2,0,2,20,3,3,402
2381,1, ,2,-2,3,-2, ,-2,1,1,1,1,3,0,0,0,0,0,-2,-2,1,2,3,0,0,0,0,0,0,0,-1,1,0,-1,-3,0,2,-3,0,0,0,-2,-3,-2,-1,2,2,0,4,21,6,5,402
2382,1,-1,-2,-1,-1,-3,-2,-1,2,3,3,0,-2,-2,0,0,3,1,-3,-2,-2,3,3,-2,-2,-3,-2,-3,-3,-1,-1,3,3,3,0,-2,0,-3,-2,-2,-3,-3,-3,-2,-3,-1,3, ,4,21,3,1,402
2383,1,0,2,0,3,-3,0,0,0,1,-1,-1,2,2,0,0,0,3,-3,-2,-3,3,3,-3,-3,-3,-3,2,-2,-1,1,2,3,3,-3,1,-2,-3,2,-3,-3,-3,-3,0,-2,3,3, ,7,20,2,4,402
2384,3,1,0,0,1,-3,0,-1,0,3,2,-1,2,2,0,0,1,1,-3,-1,-2,-1,3,-2,-2,-3,3,-2,-2,-1,0,1,-3,-1,-2,1,-3,-2,-3,-2,-3,-3,-3,-3,-3,-3,3,0,5,22,3, ,402
2386,2,2,1,0,3,-3,1,0,-1,1,0,-1,3,2,0,0,0,0,3,3,3,3,3,3,2,3,2,1,1,1,0,2,2,2,0,2,2,0,2,2,2,2,2,2,2,2,2,0,4,22,5,6,402
2388,2,2,1,-1,3,-1,2,0,0,0,1,-2,2,1,0,0,0,1,-3,-1,1,3,3,-1,0,1,2,1,2,0,1,2,-1,0,-1,1,2,-3,1,-1,2,-3,-3,-2,-2,3,3, ,5,21,4,4,402
2389,0,-1,1,1,-3,-1,-1,1,0,1,1,1,2,1,1,0,1,1,-3,1,-3,1,3,-2,-2,-2,-3,-3,-3,0,0,-1,-1,-1,-3,1,-1,-3,1,1,-3,-3,-3,0,-3,0,0,0,4,23,3,4,402
2390,-1,-2,0,-1,2,-3,1,-1,0,3,0,1,-1,0,-1,0,-1,2,-2,-1,0,0,3,2,2,2,1,3,2,0,-1,-2,-2,-1,-3,-1,-3,-3,0,-2,-2,-3,-3,-2,-2,-2,2, ,4,23,6,3,402
2391,2,-1,1,-1,2,-1,-1,0,1,1,1,1,1,-2,-2,-2,-2,-2,-3,-2,-1,0,3,-1,-1,-1,-1,-1,-1,-1,-1,2,1,0,-2,1,-2,-3,-3,-3,-3,-2,-3,-2,-2,0,1,0,4,22,4,4,402
2392,3,2,0,0,2,-3,0,1,0,3,3,-1,1,1,1,1,0,2,-1,2,-2,-2,-2,-3,-3,-2,-1,-1,-1,-1,1,1,1,1,-2,2,-3,-3,-2,-2,-2,-2,-3,1,-3,-3,-3,0,5,22,5,4,402
2393,3,3,2,3,2,-2,0,0,1,2,0,-2,3,3,2,2,2,2,-1,-1,3,3,3,3,3,3,3,3,3,-1,0,-2,-1,-2,3,3,3,-1,3,2,2,-1,-3,-3,3,3,3,0,4,22,6,5,402
2396,-1,-3,-2,1,0,2,-3,-3,-1,2,1,-1,-1,-3,-3,2,1,-2,-2,-3,-3,2,3,0,1,1,1,-3,-3,1,-1,0,2,1,1,-2,1,-2,0,-1,-3,-3,-3,-3,-3,0,3,0,4,22,2,3,402
2398,0,0,2,0,1,-3,-2,0,0,0,-2,0,-3,-3,0,0,1,2,-3,-3,-3,3,3,-3,-3,-3,-3,-3,-3,0,0,-2,0,0,0,2,1,-3,0,0,0,0,-3,-3,-1,3,3, ,4,23,4,4,402
2401,1,-1,0,2,1,-3,-2,-3,3, ,-3,-2,-1,-1,-2,3,0,2,-3,-3,-3,-3,3,-3,-2,-3,-2,-3,-3,-1,1,0,-3,-2,-3,2,-3,-3,-3,0,-3,-3,-3,-3,-3,-3,3,0,5,21,3,4,402
2402,3,-1,3,0,3,-1,1,1,0,0,0,0,-1,0,2,1,3,3,3,-3,1,-3,3,0,-1,0,2,-3,-3,-1,0,-2,-2,-2,2,3,1,-3,0,-1,-1,-1,3,-3,1,-3,3, ,5,21,3,3,402
2403,1,-3,3,0,3,0,-3,-3,-3,-3,-3,-3,-3,-2,-2,-2,-2,-2,1,3,3,3,3,-3,-3,-3,-1,-3,-3,1,1,-1,-2,-2,2,2,2,-3,1,2,-1,-3,1,3,3,3,3, ,4,23,5,4,402
2405,-1,0,1,0,0,1,0,1,1,1,2,1,0,0,0,0,0,0,-2,-2,-2,-2,2,-3,-3,-3,-3,-3,-3,1,-1,-3,-3,-3,-2,0,-2,-3,-2,-2,-2,-2,-2,-2,-2,-2,2,0,4,22,6,2,402
2406,2,0,1,2,3,-3,-2,0,1,0,1,3,-1,0,0,0,1,0,-3,-3,-2,-2,0,-1,-2,-1,1,-3,0,0,1,-1,-2,0,-3,1,-3,-3,-3,-3,-3,-3,-3,-3,-3,-3,-3,0,2,20,3,2,402
2407,0,1,-2,3,3,1,0,0,-3,-1,3,-2,-1,-3,-3,0,0,1,-3,-3,-3,0,3,-3,1,-3,-3,-2,-3,0,0,0,0,0,-3,1,-3,-3,-2,-3,-3,-3,-3,-3,-3,-3,2,0,4,22,5,4,402
2408,-3,0,-3,0,0,3,-3,0,3,3,3,-3,-3,-3,-3,-3,1,-3,-3,-3,-3,2,2,-3,-3,-3,-3,-3,-3,0,-1,0,0,0,-3,0,-3,-3,-3,-3,-3,-3,-3,-3,-3,-3,-3,0,3,22,5,1,402
2409,2,-1,1,3,3,2,-2,-3,0,-1,1,-3,2,2,2,2,2,3,-3,-1,2,2,3,2,2,1,2,0,-2,-1,-1,3,3,3,0,2,2,-3,-2,-3,0,0,-3,-1,2,2,3, ,5,24,6,1,402
2416,3,3,3,2,2,-3,3,2,0,1,2,0,2,2,2,0,0,2,-3,-3,3,3,3,0,1,2,1,0,0,0,0,0,2,0,-1,1,0,-2,-2,-2,-2,-2,-3,-3,1,1,1,0,4,24,4,4,402
2418,3,3,3,3,3,-3,0,0,1,2,0,-3,-3,1,1,1,0,2,-3,-1,-3,1,3,-1,0,-2,0,-3,-3,-1,-1,2,3,2,-3,-2,-3,-3,-2,-2,-3,-3,-3,-3,-3,0,3, ,3,22,4,4,402
2420,2,2,0,1,3,-2,1,-2,1,2,2,-2,1,1,-1,0,0,2,-2,-1,-2,2,2,1,1,1,1,0,-1,-1,0,2,2,2,-3,1,-2,-3,-2,-3,-3,-3,-3,-2,-3,1,2,0,5,21,3,3,402
2421,1,1,-1,0,-2,0,-3,-3,-2,-2,-2,1,1,2,-3,-3,3,-3,-3,-3,0,2,3,1,2,2,0,-1,-1,1,1,0,0,0,-1,3,2,0,-2,0,0,-1,-3,-3,2,2,3, ,4,22,6,3,402
2422,0,-2,-2,-2,2,2,1,-1,3,2,2,3,-1,-1,1,2,2,-1,-1,-2,-1,2,3,-3,-1,-2,0,1,0,1,0,1,1,1,1,1,1,-3,-1,0,-1,-1,-1,-3,-1,2,3, ,1,31,3,2,402
2424,-3,0,-3,-2,-1,-3,-3,-3,3,3,3,3,-3,-2,-3,2,3, ,-1,2,-3,2,3,-3,-3,-1,2,-3,-3,0,1,0,-3,-2,-3,3,0,-3,1,-3,-3,-3,-3,-3,-3,-3,3,0,2,23,7,3,402
2425,1,1,1,1,1,-2,0,0,1,2,1,-1,1,1,0,0,0,1,-1,-2,-1,1,3,1,1,1,1,-1,-1,0,0,2,2,1,1,1,1,-2,1,-2,-1,-2,-2,-2,-2,-2,3, ,5,26,6,3,402
2426,-3,0,-3,-1,0,0,0,0,3,0,3,3,-3,-3,-3,-3,0,0,-3,-3,-3,-3,1,-3,-3,-3,-3,-3,-3,0,-1,1,0,1,0,0,0,-3,-2,-3,-3,-3,-3,-3,-3,-3,3, ,3,23,6,1,402
2427,1,1,-1,-1,3,-3,-1,-1,0,2,2,0,1,1,0,0,0,2,-2,-3,2,3,3,-2,-2,-1,-3,-3,-3,-1,-1,-2,-2,-2,2,2,1,-1,1,-1,-1,-1,-2,-3,2,3,3, ,4,23,3,5,402
2428,3,2,1,1,2,-1,0,1,-2,1,2,-3,3,3,1,-2,-1,3,-3,3,1,2,3,-3,-3,-3,-3,-3,-3,-1,1,2,2,2,0,2,0,-3,-3,-2,-3,-3,-3,2,0,2,3, ,6,22,3,2,402
2430,1,1,0,1,2,-2,-1,2,1,2,0,1,2,2,1,0,0,1,-1,1,1,-2,3,-1,-2,-1,-2,-1,-1,1,1,-2,-2,-2,-2,2,1,-3,-3,-3,-2,-3,-3,-2,1,-2,2,0,4,23,3,3,402
2432,3,2,-1,0,1,-3,-1,0,3,3,3,2,-1,0,0,-1,1,0,-3,-2,-1,3,3,-2,-2,-2,0,-2,-2,1,-1,-1,-1,1,0,0,0,-3,1,-3,-3,-3,-3,-2,-1,3,3,0,4,23,3,5,402
2434,0,0,0,1,3,-3,-2,-2,-1,1,-1,1,-1,2,1,2,3,0,2,-3,2,3,3,-3,-3,-1,-3,-2,-2,0,0,2,-3,-3,-2,3,-2,-3,-2,-2,-1, ,-3,-3,-1,0,3, ,4,24,3,4,402
2435,2,0,-2,1,0,-1,-2,1,-1,2,0,-1,-3,-3,-3,-3,-2,-1,-1,-1,-2,3,2,1,1,-3,-1,-2,-3,0,-1,1,2,1,-2,3,1,-2,-2,-2,-2,-1,-1,-3,1,3,3, ,6,21,6,2,402
2436,1,-2,-2,0,2,2,-1,-2,2,2,1,2,1,-1,1,0,0,1,-3,2,-3,3,3,-3,-3,-3,-3,-3,-3,-1,-1,1,1,1,-2,1,1,-3,1,0,-3,-3,-3,0,-3,2,3,0,6,23,4,2,402
2437,3,2,3,-1,2,-3,0,0,0,0,0,-3,3,3,3,3,3,3,-3,-1,1,1,1,1,1,1,1,1,-1,-1,1,1,1,2,0,3,2,-3,2,-3,-3,-1,-3,-1,1,1,1, ,4,25,3,4,402
2438,-2,-2,-2,-2,2,0,0,2,-2,2,-2,0,1,-1,0,0,2,1,-3,-3,-2,3,3,0,1,-1,0,-3,-3,-1,0,1,1,1,-3,3,3,-3,2,0,1,-3,-3,-3,-3,0,3, ,5,21,6,4,402
2439,-2,-1,-3,-3,-2,-3,-2,-2,3,3,3,3,-3,-1,-2,0,0,3,1,-3,-3, ,1,-3,-3,-3,-3,-3,-3,1,1,-3,-3,-3,-1,0,-3,-3,-3,-3,-3,-3,-1,-3,-3,-1,3, ,4,21,4,3,402
2442,0,-3,-3,-3,3,-1,0,-2,1,3,3,1,-3,-3,-3,-3,-2,0,-3,-3,-1,-1,3,-3,-3,-3,-3,-3,-3,0,1,-1,0,-3,-3,0,-3,-3,-1,-3,-3,-3,-3,-3,-3,-3,3,0,1,23,3,2,402
2443,3,1,2,3,3,-3,1,1,-3,-3,-3,-3,3,-1,-1,-1,-1,-2,-3,1,3,2,2,3, ,1,2,-3,2,0,0,-3,-3,-3,-3,-3,-3,-3,-3,-3,-3,-3,-3,3,3,3,3,0,4,23,5,7,402
2444,3,-1,2,-3,0,-3,0,0,3,3,3,2,-3,0,-1,1,3,1,-3,-3,-3,0,3,-2,-1,-1,-1,-3,-3,0,-1,0,0,0,-2,1,0,-3,0,-3,-3,-2,-3,-3,-3,0,2,0,4,21,4,2,402
2447,0,2,-2,-2,0,1,-3,-3,1,3,2,2,1,1,0,1,2,2,-3,-3,-3,0,1,-3,-2,-3,-3,-3,-3,-1,0,0,0,0,-3,-1,-3,-3,-3,-3,-3,-3,-3,-3,-3,2,3,0,4,21,5,4,402
2449,0,2,0,0,2,-3,-2,0,3,3,3,2,-3,-3,-3,0,3,-1,-3,-3,-3,3,3,-3,-3,-3,-3,-3,-3,1,0,-3,-3,-3,-3,3,-2,-3,0,-3,-3,-3,-3,-3,-3,3,3,0,5,22,3,2,402
2450,1,1,2,-3,3,-3,-3,0,0,0,0,0,3,3,-3,-3,-3,3,-3,-3,-3,3,3,-3,-3,-3,-3,-3,-3,1,-1,0,1,0,-3,3,-3,-3,-3,-3,-3,-3,-3,-3,-3,-3,-3,0,4,21,3,4,402
2452,0,0,-2,1,3,-1,-2,1,-2,-2,-2,1,2,2,2,0,0,2,-3,0,1,2,3,2,2,2,2,-3,-2,0,0,2,2,1,2,2,3,-3,2,3,-3,-3,-3,2,2,2,3, ,5,26,3,6,402
2453,-2,-2, ,-2,0,-2,-2,-1, ,2,2,1,-3,-3,-3,-3,3,0,-3,-3,-3,3,3,-3,-2,-2,-3,-3,-3,0,-1,2,2,2,-3,-3,-3,-3,-2,-3,-3,-3,-2,-2,-2,3,3, ,2,22,6,1,402
2454,3,0,2,0,3,-1,-2,0,-2,0,-1,-3,-3,-3,-3,-2,0,-1,0,1,0,1,1,-2,0,-3,-1,-1,-3,-1,-1,-1,-3,-2,-1,0,-1,-1,0,-1,0,-1,0,1,1,1,1, ,4,21,6,3,402
2455,0,0,0,1,-1,-3,-2,-1,1,1,1,1,1,0,0,0,0,1,-3,-3,3,3,3,-1,-1,-1,-1,1,0,-1,1,-1,2,2,0,3,1,-3,1,-3,-3,0,-3,-3,-2,3,3,0, ,21, , ,402
2456,2,1,2,2,2,-1,1,1,0,1,-2,0,2,2,0,0,0,1,-2,0,1,2,-1,2,2,2,2,1,1,-1,0,-1,0,-1,0,3,3,0,3,0,2,0,-3,-2,1,0,2,0,4,23,4,5,402
2458,3,3,3,0,3,-3,3,3,2,3,-3,0,2,2,3,1,2,3,-3,2,2,2,2,3,3,3,3,0,0,1,0,2,2,2,1,3,2,2,3,1,2,2,-3,3,3,3,3,0,2,22,3,7,402
2461,-1,-1,-2,1,1,-2,-3,-3, ,1,1,0,-1,-1,-1,1,1,-2,-1,-3,-3,1,3,-2,-2,-2,0,1,-3,0,0,1,-2,-3,0,2,0,-3,1,1,-3,-3,1,-3,-3,-3,3, ,4,21,5,3,402
2462,3,2,1,2,2,-1,0,0,1,1,-1,-1,-3,-3,-3,-3,-3,0,0,0,0,0,0,0,0,0,-2,-3,-3,0,-1,1,0,0,0,0,0,0,0,0,0,0,0,0,0,0, , ,4,21,3,5,402
2464,3,1,2,1,3,-3,1,1,0,2,-1,0,2,2,0,0,0,2,-3,-2,-1,-1,2,1,0,1,2,0,0,-1,1, ,1,2,-2,0,1,-3,-2,-2,-1,-3,-3,-3,-3,-3,2,0,2,21,3, ,402
2466,0,1,0,0,0,-3,-2,0,3,3,-1,1,-1,-1,-1,-1,1,1,-3,-3,-3,-3,3,-3,-3,-3,0,-3,-3,1,1,0,0,-1,-2,0,-2,-3,-2,-3,-3,-3,-3,-3,-3,-3,3,0,5,20,6,1,402
2468,0,-1,1,0,3,-3,2,-3,0,0,-1,-1,0,1,1,2,2,2,2,-2,2,2,3,-2,-1,-1,1,-2,-3,1,-1,2,1,1,2,2,2,1,2,2,2,2,-1,-2,2,2,3, ,2,23,4,2,402
2470,1,2,-2,0,1,-2,-2,0,2,3,3,2,-3,-3,-3,2,-1,-1,0,-3,-1,2,2,-3,-2,-3,0,-3,-3,0,0,-1,-3,-3,-2,0,0,-2,0,0,-2,-2,0,-3,-3,3,2, ,4,25,6,2,402
2471,2,2,2,1,1,-2,1,-1,2,2,1,2,3,3,1,0,0,3,-3,1,2,3,3,3,3,3,3,2,2,0,-1,2,2,2,0,2,2,-2,2,1,1,1,-3,1,1,3,3,0,4,26,3,3,402
2472,2,2,2,1,2,-3,1,3,-1,0,1,-3,-1,-1,-1,3,0,3,-3,-2,2,3,3,1,2,1,1,2,-2,-1,-1,1,3,2,2,2,0,-2,-2,0,-2,-3,-3,-1,2,3,3, ,5,23,7,3,402
2473,2,1,-3,-2,0,-3,-3,-2,3,3,3,3,-3,-3,-2,3,1,-3,-3,-2,-2,2,3,-3,-3,-3,-3,1,-3,-1,1,0,0,-1,-3,-2,-2,-3,-2,-3,-3,-3,-3,-3,-3,2,3,0,2,40,6,1,402
2475,1,0,1,0,2,2,-2,2,0,3,0,0,-2,0,0,3,3,0,1,-2,2,0,2,1,1,2,0,0,0,1,1,-2,-2,-2,-2,2,-1,-2,2,2,2,2,-1,-2,2,-1,2, ,4,23,6,3,402
2476,3,1,-3, ,3,-3,3,-1,2,-1,3,-3,1,-3,-1,-2,-2,1,-3,-3,1,3,3,-3,-2,-3,-3,-1,-1,1,0,2,2,2,-2,3,2,-2,-1,0,-2,-2,-3,-3,1,3,3, ,5,24,7,3,402
2477,2,1,0,2,0,-2,1,-1,-1,-1,-1,-3,1,0,0,3,0,2,1,-2,0,0,3,0,0,0,0,0,0,1,-1,1,1,-1,-3,1,-1,-1,-2,0,-1,-1, , , , , ,0,4,23,5,4,402
2479,2,2,2,0,0,-2,-2,0,0,0,0,0,-3,-2,-2, ,-2,-2,-2,-2,-2,-2,2,-3,-3,-3,-3,-3,-3,0,0,-2,-2,-3,-3,-3,-3,-3,-3,-2,-2,-2,-3,-3,-3,-3,2,0,4,37,3,3,402
2482,3,0,-1,0,2,0,1,-1,-1,0,-1,-2,-3,-1,-2,-2,-2,0,-3,-1,0,0,3,-2,-2,-3,-2,-3,-3,-1,1,-3,-2,-3,-1,2,2,0,1,-2,0,-1,-3,-3,0,0,2, ,5,22,6,5,402
2484,3,3,2,2,2,1,3,3,1,2,-1,-1,-1,1,0,0,0,2,-3, ,-2,2,3,-3,-3,-3,-2,-3,-3,1,1,0,-1,-1,-3,1,1,-3,1,-3,-2,3,-3,-3,-3,0,3,0,5,20,3,2,402
2485,1,-2,-3,-3,3,-1,0,0,-1,0,-1,3,-3,-3,-1,1,-2,-1,-2,-3,0,-3,3,-2,1,-3,-1,-2,-3,1,0,0,-1,1,0,2,2,-3,1,0,-2,-2,-2,-3,3,-3,3, ,4,21,4,4,402
2487,-1,1,-2,-2,3,-3,-2,0,-1,0,1,1,1,2,0,1,-1,0,2,1,1,2,3,-1,-2,0,0,1,-1,0,1,1,2,1,0,1,1,-1,2,0,0,3,0,-2,1,2,1, ,5,24,4,5,402
2489,3,2,2,2,1,-2,0,0,1,2,0,0,0,1,1,0,0,2,-1,0,0,-1,2,-1,-1,-2,0,-1,-2,0,-1,0,1,0,-2,1, ,-3,-2,-2,-3,-2,-2,-2,-1,0,1,0,1,23,3,2,402
2490,2,-1,3,3,3,-2,3,-1,-2,1,0,-3,-2,1,-3,-3,-3,1,-3,-3,-3,3,3,-3,-3,-1,0,-3,-3,-1,-1,3,2,2,-3,-2,-3,-3,-2,-3,-3,-3,-3,-3,-3,0,3,0,5,23,5,4,402
2492,1,-2,1,1,1,3,-2,-2,1,0,0,1,-3,-3,-3,2,2,-1,-3, ,-2,3,3,-3,0,-2,-2,-3,-3,-1,0,3,3,0,-2,0,-1,-2,-2,-2,-2, ,-3,-3,-3,2,2, ,3,20,5,3,402
2493,3,1,1,3,3,-3,-2,-3,0,3,0,-3,3,3,-1,0,0,-1,-3,-2,-1,3,3,2,-2,3,-2,2,-3,1,1,1,3,0,-3,2,1,-3,3,-3,0,-3,-3,-3,-3,3,3,0,5,21,5,3,402
2494,-1,-2,-2,2,1,-2,-2,-2,2,2,2,1,-3,-2,-1,-1,0,-2,-3,-2,-1,-1,2,-2,-1,-1,-2,-2,-3,1,0,-2,2,0,1,2,2,-2,-1,-2,0,-3,-3,-2,0,-1,2, ,3,26,6,4,402
2495,-2,2,-2,2,2,-2,-2,-2,-2,2,2,-2,2,2,2,2,2,2,-3,-1,-3,-3,2,-1,0,-2,1,0,0,1,-1,2,-1,-2,-2,-2,-2,-2,-2,-2,-2,-2,-2,-2,-2,-2,2,0,4,23,5,3,402
2496,3,3,0,0,-3,-3,0,0,0,3,-2,2,-3,-3,-3,-1,1,1,-3,-3,-3,3,3,-3,-3,-3,-3,-3,-3,0,1,-3,-3,-3,0,3,-3,-3,-3,-3,-3,-3,-3,-3,-3,-3,3, ,5,24,3, ,402
2497,2,-1,1,2,3,-1,0,1,1,2,3,-1,2,2,0,0,0,2,0,-3,-1,2,3,-1,0,-1,-3,-3,-2,0,0,2,2,2,0,1,-2,-3,0,2,-1,-3,-2,-2,-1,2,3,0,1,23,6,4,402
2498,2,2,2,2,1,-2,-1,-1,-2,1,0, ,2,0,0,0,0,1,-2,-2,-2,0,2,-2,0, ,0,0,-1,0,-1,0,0,-1, ,0,2,-2,1,0,-1,-1,-3,-2,-2,1,2,0,4,24,3,3,402
2499,3,2,3,0,3,-1,3,2,3,3,3,-1,0,1,-3,-1,-2,1,3,-3,-1,3,3,0,0,0,-3,-3,-3,-1,-1,3,3,3,-3,2,0,-3,-3,-2,-3,-3,-1,-3,-1,3,3, ,5,23,4,2,402
2501,-2,-3,-2,-3,2,-2,0,-1,0,1,2,2,-3,-3,-3,-1,0,1,0,-3,-3,3,3,-3,-2,-3,-3,-3,-3,-1,0,3,2,2,0,0, ,-3,-2,-2,-2,-3,1,-3,-2,2,3, ,5,24,5,4,402
2511,3,1,-1,-1,2,-1,0,-2,0,1,0,0,-3,0,-2,1,-1,-2,-3,-1,-1,-3,3,-1,-1,-2,-2,0,-3,1,1,-2,-2,-2,-3,3,3,-3,3,-1,-3,-3,-3,-3,-2,-3,3,0,4,23,4,4,402
2512,3,3,2,2,2,-2,0,1,2,2,2,1,2,2,0,0,0,1,-3,-2,-3,-3,3,-2,1,0,1,-1,-2,1,0,-1,-1,-2,-1,0,1,-2,1,0,-2,-2,-3,1,-2,-3,3,0,5,21,6,2,402
2513,2,1,-2,0,2,-2,0,1,3,2,3,3,2,2,1,3,2,2,-2,-2,0,2,2,0,1,0,1,-2,-2,1,-1,2,2,1,0,2,-1,-3,-1,1,-3,-2,-3,-3,-1,2,3,0,1,21,3,2,402
2515,3,1,1,-2,3,-3,0,-1,0,0,1,-2,-3,0,0,0,2,2,1,-2,-2,3,3,-3,-3,-3,-3,-3,-3,0,0,0,0,0,-2,3,0,-3,-3,0,0,-3,0,-3,-3,3,3, ,4,23,3,3,402
2517,2,2,2,0,3,-3,1,0,0,3,2,1,3,2,0,0,0,0,-3,1,3,0,3,0,-3,0,0,1,-3,-1,-1,2,2,2,0,3,3,-1,2,-2,0,3,-3,-1,0,0,2,0,5,21,5,5,402
2518,3,1,3,0,3,-2,1,0,3,3,3,0,-1,-1,1,2,1,0,2,-1,2,2,3,-1,-1,0,1,0,-2,-1,1,2,-3,2,-2,1,0,-1,1,-1,0,-1,2,-3,0,2,3, ,4,23,5,2,402
2519,3,1,1,1,2,-3,0,2,2,2,2,0,0,0,0,0,0,0,-3,-3,-3,1,2,-1,0,0,2,1,-1,-1,0,2,1,1,-3,2,0,-3,0,-3,0,-3,-3,2,-3,0,3,0,4,23,3,3,402
2520,-3,-3,-3,-3,3,2,-2,1,1,2,3,-3,-1,-2,-2,0,0,-2,-3,2,-1,-3,2,-3,-3,-3,-2,-1,-3,1,1,-3,-3,-3,-3,0,0,-3,-3,-3,-3,-3,-3,-3,-3,-3,2,0,5,23,7,1,402
2523,2,0,0,1,2,-3,0,-2,1,3,1,1, ,1,0,0,-1,0,0,0,0,0,0,-1,1,1,-1,-1,-1,0,1,1,1,1,1,2,1,-2,-1,-2,-2,-1,0,0,0,0,0,0,5,20,6,5,402
2525,2,3,2,3,3,-3,1,-1,-1,1,0,-2,-2,-2,-1,1,2,2,-3,-3,-3,2,2,-3,-2,-2,-2,-3,-3,0,-1,1,-2,-2,-3,2,-3,-3,2,-3,-3,-3,-3,-3,-3,2,2,0,2,21,3, ,402
2526,0,0,1,-1,3,-2,0,2,0,1,0,1,3,2,1,1,1,1,-1,0,0,1,3,0,0,1,1,0,-1,-1,-1,2,2,2,0,0,0,-2,-1,-2,-2,-2,-3,-2,-2,-3,-1,0,4,20,3,2,402
2527,2,1,0,0,3,-2,0,0,1,3,0,0,0,0,0,0,0,1,-3,-3,-2,-3,0,0,-1,-3,-1,-2,-2,-1,1, ,0, ,-2,1,-1,-3,-1,-3,-3,-3, , , , , , ,3,23,3,4,402
2529,3,2,3,3,2,-3,3,3,1,3,-3,-3,3,2,1,3,3,3,-3,2,3,1,3,3,3,3,1,-3,-3,1,1,3,3,3,3,3,3,-3,3,1,1,1,-3,3,3,0,3,0,6,26,6,6,402
2530,1,-2, ,-2,2,-1,-2, ,0,2,2,3,-3,-1,-1,-2,0,-3,-3,-3,-3,3,3,-3,-3,-3,-3,-3,-3,1,0,-3,-3,-3,-3,-2,-3,-3,-3,-2,-2,-3,-3,-3,-3,1,3,0,2,25,6,1,402
2531,1,1,0,-1,1,-1,-1,1,0,2,0,1,-3,-2,-2,1,1,1,-1,-3,-3,3,3,-2,-2,-2,-2,-3,-3,1,-1,-1,0,-1,-3,0,0,-3,-3,-3,-3,-3,-3,-3,-3,2,2, ,4,23,3,3,402
2532,2,1,-3,-2,3,-3,1,-3,0,2,0,0,3,3,1,1,1,-2,-3,-2,-1,0,3,-3,-3,0,-1,1,0,0,1,2,1,0,-3,3,3,-3,-2,-3,-3,-3,-3,-3,-3,0,3, ,5,21,3,4,402
2534,1,1,2,-1,3,-3,1,2,3,3,1,-2,-3,-2,-1,-1,-1,3,-3,-3,-3,-3,2,-3,-2,-2,-2,-3,-3,0,-1,-2,-2,-2,-3,-3,-3,-3,-3,-3,-3,-3,-3,-3,-3,-3,1,0, ,21, , ,402
2535,3,3,3,-2,3,-2,2,0,2,3,2,3,3,3,0,0,2,2,-3,-3,-2,3,3,1,1,0,2,-3,-3,-1,-1,2,2,2,-3,-3,-1,-3,2,-3,-3,-3,-3,-3,-3,2,3, ,4,21,3,3,402
2537,3,2,3,3,3,-3,-2,3,1,3,2,0,3,3,2,0,2,2,-2,-2,-2,2,2,2,2,2,2,3,3,-1,0,1,-2,1,-3,2,2,-3,3,-3,-2,-3,-2,-2,-2,2,2,0,4,22,5,2,402
2538,-3,-1,3,1,3,-3,-3,1,3,3,3,3,-3,-3,-3,-3,-3,-3,-3,-3,-3,2,2,-3,-2,-3,-3,-3,-3,1,1,-3,-3,-3,-3,-3,-3,-3,-3,-3,-3,-3,-3,-3,-3,2,2,0,4,23,2,2,402
2539,3,0,0,0,2,-3,-2,-2,0,2,2,-3,3,3,2,0,1,2,-3,1,-1,1,3,-3,-3,-1,-2,-3,-3,1,0,0,-1,0,1,2,2,-2,2,-1,-2,-2,-3,1,-3,0,3, ,3,23,3,3,402
2540,1,0,-1,-1,0,-3,1,0,2, ,-2,2,-1,-1,-1,0,2,1,-3,-1,0,2,3,1,-1,0,1,0,0,1,-1,1,1,0,-3,1,-1,-3,-1,-3,-3,-3,-3,-3,-2,-1,3,0,5,24,5,3,402
2541,2,2,0,3,1,-3,0,0,0,1,2,0,-2,-1,-1,0,0,-1,-3,-2,-1,3,3,-2,-2,-1,1,-3,-3,0,1,1,1,1,-2,0,0,-3,0,-2,-3,-3,-3,-3,-3,3,3, ,7,21,5,4,402
2542,3,2,3,-3,3,-3,3,2,1,0,-3,1,2,2,1,0,2,3,-3,2,-1,3,3,2,2,2,2,-3,-3,0,0,-3,-3,-3,-3,2,1,-3,-3,-3,-3,-3,-3,1,-3,3,3,0,6,22,5,6,402
2545,3,3,3,2,3,1,0,1,0,1,2,-3,1,-3,0,-3,-3,2,-1,1,0,3,3,-1,2,1,3,-3,-3,-1,1,2,-1,0,-3,1,2,-3,-3,-3,-1,-3,-3,1,-1,2,2,0,4,22,4,5,402
2547,1,3,1,0,3,0,0,0,0,3,3,0,-3,-3,-3,-3,-3,-3,-3,-3,-3,3,3,-3,-3,-3,-3,-3,-3,1,1,0,0,1,0,0,-3,-3,-3,-3,-3,-3,-3,-3,-3,3,3, ,4,26,5,4,402
2550,2,3,1,3,3,-3,-1,0,3,3,3,-3,2,2,-2,-2,-2,-1,-3,-3,2,-3,3,-3,-1,-3,-3,1,-3,0,1,2,1,2,2,3,-2,-3,3,-2,-2,-2,-2,-2,3,-2,3,0,4,22,5,4,402
2551,3,-1,0,0,2,-3,0,0,2,3,0,0,1,0,0,-1,-1,2,-3,-2,-1,2,2,1,-1,0,0,-1,0,0,0,0,0,0,0,1,-1,-3,0,-1,-3,-3,-3,-3,-1,2,2, ,4,21,4,3,402
2552,3,2,1,1,3,-3,-2,-2,2,3,3,0,3,2,1,0,1,1,-2,2,3,1,3,2,0,2,0,0,0,0,-1,2,2,2,-2,2,0,-2,3,-1,0,-1,-3,0,3,-2,2,0,4,21,3,4,402
2553,1,2,0,2,0,-3,-3,-1,1,3,2,0,-3,1,0,0,0,0,-2,-2,-2,-1,3,-3,-3,-3,-3,0,0,-1,-1,3,3,3,-3,1,-3,-3,-3,0,-3,1,-3,-3,-3,-3,0,0,3,22,4,2,402
2554,1,-1,1,-1,2,-1,-2,-3,1,2,2,1,-3,-2,-1,-1,-2,-1,-2,-2,1,1,2,-3,-1,-2,-2,-3,-3,-1,1,-1,1,2,1,1,1,-2,-2,-1,-2,-2,-3,-3,-1,1,2, ,4,22,4,3,402
2555,-1,1,-2,-1,1,-1,-1,-2,2,2,2,0,-1,1,1,2,2,1,-3,-3,-1,0,3,0,0,-1,1,-1,-1,-1,0,1,1,1,-2,1,-2,-2,1,-2,-2,-2,-3,-3,-3,0,3,0,4,23,4,3,402
2556,3,1,2,0,3,-2,0,3,2,2,0,2,2,1,1,-2,-1,-1,-3,-2,-3,1,3,-1,-2,-2,-1,-3,-3,1,1,-2,-3,-2,-3,0,0,-3,1,0,-3,-3,-3,-3,-2,2,3, ,4,23,2,3,402
2557,0,-1,0,0,0,0,-1,0,2,3,1,0,0,0,0,0,0,0,-3,-2,-3,-2,0,-2,-2,-2,-3,-3,-3,1,0,-1,-1,-2,-1,2,0,-3,2,-1,-3,-2,-2,-2,-2,0,0,0,4,23,4,3,402
2559,-2,3,-3,3,3,-3,1,0,2,1,-1,-2,1,2,0,0,0,3,-3,-3,-3,3,3,0,0,-3,-3,-3,-3,0,1,-3,-3,-3,-3,3,-3,-3,3,-3,-3,-3,-3,-3,-3,3,3,0,3,22,4,6,402
2560,2,2,-2,0,2,0,-3,1,-1,-3,2,-2,3,1,1,0,-3,0,2,1,2,2,3,2,1,3,-1,0,-1,0,0,0,0,0,0,2,3,-1,1,2,1,2,2,0,2,0,3, ,5,20,7,6,402
2563,3,2,0,2,1,-3,-3,0,1,3,3,1,-3,-3,-3,-3,-3,-3,-2,-2,-2,2,2,-3,1,-3,-3,-1,-3,-1,1,1,1,1,-3,-2,0,-3,-3,-2,-2,-3,-3,-3,-3,2,3, ,4,26,2,4,402
2564,2,0,-1,0,2,-1,-1,-2,1,1,2,0,2,2,0,0,0,2,-3,0,-2,1,2,0,-1,0,0,-2,-2,-1,0,0,-2,-1,0,1,1,-3,1,-2,-2,0,-3,-3,-3,1,2,0,5,24,3,5,402
2566,3,2,-2,0,3,-3,-3,2,2,3,-1,-2,1,3,0,0,-1,3,-3,-3,-3,2,2,-3,-2,-3,-2,-3,-3,1,0,-1,-2,-3,-2,0,-3,-3,-3,-3,-3,-3,-3,-3,-3,2,2,0,4,20,3,2,402
2567,-2,-3,-3,-2,2,-1,-3,-2,1,3,1,3,-1,0,-3,-1,0,1,-3,-3,-3,1,2,-3,-3,-3,-3,-3,-3,1,-1,-2,-3,-3,-3,-2,-3,-3,-2,-3,-3,-3,-3,-3,-3,-3,1, ,5,24,2,3,402
2568,2,1,2,2,3,-3,1,-1,2,3,3,-3,2,2,0,-1,0,-2,-3,-3,2,3,3,2,3,-1,-3,-2,-2,0,1,2,0,1,-1,1,0,-1,2,0,1,-2,-3,-3,-1,3,3,0,4,22,6,5,402
2569,2,2,0,1,3,-1,-1,3,-2,0,-2,-2,1,1,0,0,0,2,-2,-1,1,2,3,-2,-1,1,-2,1,-1,0,0,-1,1,-1,-2,1,1,-2,2,-1,-1,-2,-3,-1,-1,2,3,0,5,23,6,3,402
2572,1,1,0,0,0,-3,1,-1,0,1,0,1,0,0,0,0,0,1,-3,-1,-1,1,3,-2,-1,-2,-3,-3,-3,-1,1,2,2,1,-2,2,1,-3,1,-2,0,-1,-3,-1,-2,1,3, ,5,23,3,2,402
2574,2,1,-3,-3,3,-3,1,-1,3,3,3,3,1,1,1,1,1,1,-3,-3,-3,3,3,1,1,1,1,1,1,1,1,-3,-3,-3,2, ,1,-3,2,-3,-2,-3,-3,-3,-3,3,3,0,4,22,7,6,402
2575,3,2,2,1,2,-1,1,-1,1,2,-1,-3,-3,-1,1,0,0,3,-2,-2,-2,2,2,1,1,1,2,-3,-3,1,0,-1,-1,-1,-2,0,-1,-3,-1,-2,-1,-2,-3,-3,-3,2,2,0,5,20,3,3,402
2576,3,3,0,-2,1,-2,0,-1,-1,1,0,-1,2,2,0,1,0,1,1,-1,3,0,3,3,3,3,1,-1,-1,1,-1,0,0,-1,1,3,3,-1,3,0,2,2,1,-3,3,-2,3, ,4,23,5,6,402
2578,3,3,3,3,3,-3,0,1,3,3,3,-3,-1,-2,-2,1,1,-1,-3,-3,-3,-3,-3,0,0,-1,-1,-2,-2,0,0,2,2,2,-3,-2,1,-3,-3,-2,-2,-1,-3,-3,-3,-3,-3,0,4,24,6,2,402
2579,1,0,1,2,0,-2,1,0,-2,0,0,-2,2,0,1,0,1,2,-2,-3,-1,2,2,-2,0,1,-1,-1,-1,0,-1,-3,-2,-2,-1,0,0,-3,-2,-1,-2,-3,-3,-3,1,2,2,0,4,27,3,3,402
2580,3,2,1,2,0,-3,-1,0,2,2,3,1,-2,-1,-1,2,1,1,-2,-1,-3,1,3,-3,-3,-3,-3,-3,-3,-1,-1,2,2,0,-2,-2,-2,-3,0,-3,-3,-3,-3,-3,-3,2,3,0,2,22,3,2,402
2582,1,1,-2,0,2,-2,-2,0,0,1,0,-2,-2,-2,-2,-2,-2,-2,1,2,2,2,2,0,1,1,0,-2,-2,-1,0,1,0,0,-1,-1,-1,-2,-1,0,-2,-2,-1,1,1,1,1, ,3,21,4,5,402
2583,2,1,0,0,1,-3,-3,-2,0,3,2,-1,1,3,0,3,0,-1,0,0,-1,0,3,-1,-1,-1,-1,-1,-1,1,1,-1,-1,-1,0,1,1,-2,1,0,-2,0,-2,-1,-2,0,1,0,5,20,7,3,402
2584,-1,2,1,1,2,-3,-2,-2,1,3,1,-1,1,2,1,0,2,1,-2,1,-3,2,2,-3,-2,-2,-1,-1,-2,1,0,-2,-3,-3,-2,-2,-3,-3,-2,-2,-3,-3,-3,-1,-3,2,2,0,4,20,6,2,402
2585,3,2,-1,0,3,-3,1,0,2,2,2,2,2,1,1,0,0,1,-3,-3,0,2,3,1,2,1,2,0,0,1,-1,2,2,0,0,2,3,2,3,2,3,2,-3,-3,3,0,2,0,3,22,6,4,402
2587,1,1,1,-1,1,-1,1,1,0,1,-1,-1,3,2,2,2,2,2,-3,-2,0,2,2,-2,-2,-2,-3,-1,-3,0,0,2,2,2,0,1,1,0,1,1,0,1,-3,-2,1,2,2,0,6,23,4,5,402
69,2,2,2,2,3,-3,1,0,1,3,2,0,3,3,2,1,1,0,0,2,1,2,3,0,0,1,0,0,0,0,0,1,3,3,0,2,1,-3,-3,-3,-3,-3,-2,1,-2, , ,1,4,19,1,1,401
68,2,2,2,2,3,-3,-2,0,0,1,1,0,-1,1,1,0,0,-3,-3,0,2,0,3,1,1,1,1,-1,-1,-1,1,1,1,1,0,2,2,-2,2,-1,-1,-1,-3,0,2,0,3,1,4,20,4,3,401
67,2,2,3,-1,2,-3,0,0,1,1,1,0,-1,-1,0,0,0,-1,-1,0,1,2,3,-2,-2,-1,-2,-2,-2,0,0,1,0,0,-1,2,1,-2,2,-1,1,-1,-1,0,1,2,3,0,5,20,4,-2,401
66,3,2,2,1,2,-2,1,1,-2,1,-1,-2,2,1,1,1,1,0,-3,-2,3,0,2,2,-1,2,1,0,0,1,1,1,1,2,2,2,3,-1,2,2,2,-1,-3,-3,2,-2,2,1,4,21,1,1,401
48,2,2,1,-1,1,-3,0,0,-2,0,-1,-2,0,0,0,0,0,0,-3,-2,2,1,3,1,1,1,1,1,1,1,1,-1,1,-1,-1,1,-2,-3,1,-1,-2, ,-3,-3,-3,-3,3,0,4,22,2,2,401
47,2,3,2,-2,2,-3,1,0,1,2,3,-1,2,2,2,2,2,2,-3,1,2,3,3,2,2,2,2,2,2,1,1,3,3,2,0,1,2,-1,0,-1,-1,0,-3,-1,1,3,3,1,4,18,2,0,401
46,3,2,3,3,3,-3,0,0,0,3,3,-3,1,1,1,1,1,1,-2,1,0,-2,2,-1,0,-1,0,0,0,0,0,-1,-1,-2,-1,1,0,-3,-2,-3,-3,-3,-3,1,-1,-3,3,1,3,25,2,0,401
45,-2,-2,-2,-2,3,-3,-3,-3,2,3,3,2,-3,-3,-3,2,2,1,2,-2,2,2,-2,-3,-3,-3,-3,-3,-3,1,1,-2,-2,-2,0,2,2,-2,2,-2,2,2,-2,-2,-2,2,2,1,2,22,2,-3,401
44,2,2,2,-1,3,-3,1,1,1,1,-2,2,3,3,1,0,0,2,0,1,1,1,3,0,0,0,0,0,0,1,1,2,2,2,-3,3,2,-3,2,-2,-3,-2,-3,0,0,3,3,1,4,18,2,0,401
43,2,1,3,0,3,-3,0,0,1,1,2,-2,-2,-2,0,0,0,-1,-1,0,1,0,2,0,0,0,0,0,0,0,0,-1,2,1,0,-1,0,-1,0,-2,-2,-2,0,0,0,0,0,1,4,18,2,-3,401
42,1,1,2,-2,3,-3,0,2,0,3,2,-2,2,2,2,2,2,2,-3,2,-3,-2,3,-3,-2,-3,-1,0,0,-1,1,-2,-2,-2,-2,3,-2,-3,-3,-3,-3,-3,-3,2,-3,-3,3,1,4,20,2,-2,401
41,3,2,2,0,3,-3,0,0,-2,-2,-3,0,0,0,0,0,0,0,2,-2,-2,-3,3,0,0,-1,-1,-1,-1,-1,1,-1,-1,0,-1,2,2,-2,-2,0,-2,-3,0,-1,-1,-3,3,1,3,19,2,-2,401
40,3,3,2,3,3,-1,-2,-2,-3,-2,2,-3,3,0,0,0,3,0,0,-3,1,2,2,1,-3, ,-2,-3,-3,-1,1,2,3,1,-2,1,-3,-3,2,-3,-3,-3,-3,-3,2,2,1,0,5,20,5,-3,401
39,3,3,3,-3,2,-2,1,1,2,2, ,-2,2,2,2,2,3,3,-3,-1,0,2,2,3,3,2,2,2,2,1,1,-1,1,-2,-1,2,1,-2,0,-2,-2,-2,-3, ,-1,2,2,1,2,25,2,0,401
38,2,1,0,0,2,-2,-1,-1,-2,-1,0,-2,2,2,1,1,1,2,-2,-2,2,2,3,1,1,0,-1,-2,-2,-1,1,1,2,2,2,2,3,-1,0,-1,-1,0,-3,-3,1,1,2,1,5,20,5,0,401
37,2,2,-3,1,3,-3,1,1,2,3,-2,2,-3,-3,0,0,0,0,-3,-3,-3,0,2,-3,-3,-3,-3,-3,-3,1,1,-3,-3,-3,-3,3,-3,-3,-3,-3,-3,-3,-3,-3,-3,-3,1,1,2,20,2, ,401
36,1,1,1,-1,3,-3,0,0,1,3,2,1,-1,1,1,1,1,1,-3,-3,-3,3,3,1,1,0,0,0,0,-1,1,2,-1,-1,0,1,-1,-3,-3,-3,-3,-3,-3,-3,-3,0,3,1,4,23,4,3,401
35,1,1,1,0,2,-3,-1,-2,1,2,2,1,-3,-3,-3, ,0,0,-3,-3,-2,0,2,-3,-3,-3,-2,-2,-2,-1,1,0,0,0,-2,-1,-2,-2,0,0,-2,-2,-3,-3,-2,0,3,0,4,22,5,-2,401
34,3,3,3,3,3,-1,0,0,3,3,3,0,-3,-3,-3,0,-1,3,-3,-3,-3,-3,3,-3,-1,-2,-1,-3,-3,1,1,-3,-2,-2,-3,1,-2,-3,-2,-3,-3,-3,-1,-2,-2,-2,3,1,4,21,2,-3,401
33,2,1,1,0,3,-3,0,2,-3,-1,-2,-3,-2,-2,-2,1,1,-2,-3,-3,-2,-1,0,-3,-3,-3,-3,-3,-3,-1,1,0,0,-1,-3,1,-1,-3,1,-2,-3,-3,-3,-3,-1,-2,1,0,5,22,2,0,401
32,2,2,2,2,2,-1,0,-1,-2,-2,-2,-3,1,1,1,1,1,1,1,-2,1,2,2,2,2,2,-1,-1,-1,-1,1,3,3,3,1,3,1,-1,1,0,-1,-1,-1,-3,1,1,1,1,5,22,4,1,401
31,2,1,0,-1,3,-2,0,-1,2,3,2,-2,2,1,0,0,0,-2,-3,2,-3,-2,3,-2,-2,-2,-2,-2,-2,0,0,2,-2,-2,-2,2,2,-3,-3,-3,-3,-3,-3,2,-3,-3,3,1,4,21,2,-2,401
30,1,1,1,0,3,-3,0,-3,2,2,1,2,-2,-3,-3,-3,-3,-3,-3,0,-1,3,3,1,2,1,1,0,-3,1,1,1,1,0,2,0,1,-3,-3,2,-2,0,-3,0,-3,3,3,0,4,18,5,-3,401
29,3,2,2,-1,0,-3,0,0,0,0,0,0,3,2,0,0,0,0,3,2,3,3,2,1,-3,2,2,3,3,0,0,3,1,2,0,3,3,1,3,3,3,2,3,0,3,3,3,1,5,19,2,2,401
28,2,2,1,0,3,-3,2,-1,1,1,1,-1,1,1,1,1,0,1,2,-1,2,3,3,2,2,2,1,0,0,0,0,2,2,2,3,1,2,2,0,-1,-1,1,-1,-2,-1,3,3,0,3,21,2,2,401
27,2,1,0,0,2,-2,-1,-1,1,1,0,-2,0,-1,0,0,0,1,-2,-1,1,1,1,-1,0,-1,-1,-1,-2,1,1,1,-1,-2,1,1,0,-2,-1,-1,-2,-2,-2,-1,0,0,1,0,5,20,6,-1,401
26,1,-1,0,0,2,-2,-1,-1,0,2,0,0,2,0,0,0,0,1,1,-2,-2,3,1,-1,2,1,1,-1,-1,-1,1,1,0,1,-2,1,-3,-3,-3,-3,-3,-2,2,-3,-2,3,3,0,4,21,5,3,401
25,2,2,2,-1,3,-3,1,1,2,3,-2,2,-1,1,0,0,1,1,-2,1,1,0,3,-1,-2,-2,-1,-2,-2,0,0,2,2,2,-1,2,-2,-3,1,-3,-3,-3,-2,1,1,0,3,1,5,19,4,-2,401
24,1,1,-1,0,3,-3,-2,-3,2,2,2,2,0,0,0,0,0,0,-2,0,2,2,3,0,1,0,0,-2,-2,1,1,2,0,1,2,2,2,-1,2,-1,2,-1,-2,-1,2,1,2,1,5,19,2,2,401
23,3,2,3,2,3,-3,0,0,2,2,1,0,0,0,0,0,0,1,0,-1,-3,-3,2,0,1,0,1,-3,-3,-1,1,1,1,-1,1,2,-1,0,0,-1,-1,-1,-1,-2,-2,-2,2,1,4,19,4,1,401
22,1,1,3,0,3,-3,2,-2,1,2,-3,-2,2,2,1,0,0,2,-2,-2,-1,0,3,0,0,0,0,0,0,-1,1,-2,-2,-3,-3,2,-2,-3,-2,-3,-2,-3,-3,-3,-2,-1,2,1,4,18,5, ,401
21,1,2,1,-1,3,-3,-1,-2,0,0,-1,-1,-1,1,1,0,0,0,-2,3,0,0,3,1,2,3,0,0,0,0,0,2,2,1,-2,2,1,-2,2,-1,0,0,-3,2,2,0,3,1,4,21,2,2,401
19,2,2,2,0,3,-3,2,3,2,2,0,0,3,1,1,1,0,0,-3,1,1,2,2,0,0,0,0,0,0,-1,1,0,1,1,2,2,2,-1,2,0,1,0,-3,-1,-1,1,1,1,3,22,1,0,401
18,2,1,3,-1,3,-3,2,-1,0,1,0,-2,1,1,0,0,0,0,-3,-3,-3,1,3,-2,-2,-2,-2,-2,-2,-1,1,-1,-2,-3,1,0,0,-2,-2,-2,-3,-3,-3,-3,0,0,1,1,5,19,2, ,401
17,1,1,0,-2,3,-3,-1,-2,0,1,-1,1,2,2,2,2,2,2,-2,1,1,2,3,-2,-1,0,-3,-3,-3,0,0,-1,-1,0,2,2,2,-1,2,0,0,-1,-1,-2,1,0,2,1,5,20,3,-1,401
16,2,1,2,2,2,-2,0,0,0,0,0,0,1,1,0,0,0,0,-3,0,1,0,2,-2,-2,0,0,0,0,0,0,0,0,0,-2,0,-3,-3,0,-3,-3,-3,-3,1,-3,-3,1,1,4,20,2,-2,401
15,2,1,2,0,1,-2,0,0,1,1,0,0,0,0,0,0,0,0,-1,2,-2,0,2,-1,-2,-1,-1,-1,-2,-1,1,0,0,0,0,1,0,-3,1,0,0,-1,-3,-1,-3,0,3,1,4,19,5,-2,401
14,3,1,1,-1,2,-2,-1,-1,1,2,1,1,0,0,0,0,0,2,-2,1,-1,0,3,-1,0,-2,-1,0,0,0,0,2,1,1,-2,2,1,-3,1,-2,-2,-2,-3,-1,-2,0,2,1,3,23,3,-1,401
13,1,3,3,2,1,-3,0,0,0,1,1,0,0,1,0,0,0,1,-3,-2,-2,3,3,-2,-2,0,1,-3,-3,1,1,-1,0,1,-2,2,-1,-3,0,-2,-2,-2,-3,-2,-2,2,3,1,4,18,5,1,401
12,2,1,-2,0,1,-2,1,0,1,0,-1,0,0,0,0,0,0,0,2,0,0,3,3,-2,-2,-1,0,1,1,0,0,0,0,0,-1,1,0,-2,-2,-1,-2,-2,1,-2,-1,3,3,1,6,18,4,0,401
11,2,2,2,2,1,-2,0,0,0,2,2,-2,-3,-3,-3,-3,-3,0,-3,-3,-3,0,3,-2,-2,-2,-1,-2,-3,0,0,2,2,1,0,2,-2,-3,-1,-3,-3,-3,-3,-3,-3,0,3,1,4,18,3,-2,401
65,2,1,2,-1,2,-3,0,-1,-1,0,-1,-1,2,2,2,1,1,2,-3,3,-1,2,3,-3,-3,-2,-2,-2,-2,-1,1,-2,-2,-2,-1,3,2,-3,2,0,-1,0,-3,0,1,2,3,1,4,20,2,1,401
64,3,0,1,-1,3,-3,0,1,3,3,2,2,3,2,2,0,1,1,0,1,-3,1,3,-1,0,0,1,0,0,1,1,2,0,2,2,2,2,-2,3,0,2,-3,0,0,0,0,3,1,4,22,2,0,401
63,1,0,0,-1,3,-3,0,0,0,3,1,0,2,1,1,1,1,0,1,3,3,1,3,1,0,-1,-1,0,0,0,0,2,1,0,0,2,2,-1,2,-2,-2,-2,0,2,2,2,2,1,4,20,2,0,401
62,2,2,1,-2,3,-3,2,2,3,2,-2,-2,3,1,1,1,1,1,3,-2,3,-2,3,2,2,-2,-3,-3,-3,0,0,3,1,2,-3,3,3,-3,-3,-3,-3,-3,-3,-3,1,-3,3,1,5,20,4,2,401
61,3,2,2,2,2,-2,-3,-2,0,0,2,0,1,1,0,0,0,1,-3,-3,-2,3,3,0,0,0,1,-3,-3,-1,1,3,3,3,-3,2,-3,-3,0,0,0,-3,-3,-3,-3,3,3,1,5,19,2,2,401
60,2,2,3,2,3,-3,1,0,0,0,-1,-3,3,2,1,0,0,0,1,-3,-2,3,3,0,0,0,0,0,0,1,1,1,1,1,2,1,-2,-2,-2,-2,-2,-2,2,-3,1,3,3,0,4,21,2,0,401
59,2,3,0,0,0,-3,0,0,1,2,3,0,-2,0,-2,2,2,2,2,-2,2,2,2,-3,-3,-3,-3,-3,-3,0,0,1,1,1,-3,2,-3,-3,-3,-3,-3,-3,2,-3,-3, ,2,0,4,22,5,-3,401
58,1,2,2,-1,2,-3,-1,0,3,3,3,2,-3,-3,-3,2,2,2,-3,-2,-2,0,3,-3,-3,-3,-3,-3,-3,1,1,-2,-1,-3,-3,0,0,-3,0,-2,-2,-2,-3,-3,-2,1,3,1,4,19,4,-3,401
57,0,-2,-2,2,3,3,-2,-2,3,3,3,1,-3,-3,-3,0,2,1,-3,1,-3,1,3,-3,-3,-3,-3,-3,-3,1,1,-3,-3,-3,0,0,0,-3,-3,-3,-3,-3,-3,2,-3,2,2,1,4,20,2,-3,401
56,1,1,1,-2,3,-3,-1,-3,2,2,2,-3,-3,-3,-3,0,3,3,-3,-3,-3,-3,2,-3,-3,-3,-3,-3,-3,-1,1,-3,-3,-3,-3,-2,-3,-3,-3,-3,-3,-3,-3,-3,-3,-3,-2,1,4,19,5,-3,401
55,1,2,-1,-1,3,-3,1,2,1,2,2,-1,0,0,0,0,0,1,-3,1,2,2,3,-3,-3,-3,-3,-3,-3,0,0,0,0,1,0,0,0,0,0,0,0,0,-3,1,2,1,2,1,4,19,3,1,401
54,3,2,2,2,3,-3,0,-1,1,3,1,0,1,1,0,0,1,1,2,0,1,3,3,1,2,-1,2,-2,-3,0,0,2,1,0,3,2,3,-1,1,0,-2,-3,1,-3,2,3,3,0,2,24,5,0,401
53,2,1,1, ,3,-2,0,1,-1,2,-1,1,-1,0,-1,-1,-1,-1,-2,2,2,2,3,-2,-2,-1,0,0,0,-1,1,-1,-1,-1,-1,1,0,-2,0,-2,-2,-2,-3,1,-2,0,3,1,4,20,5,-1,401
52,1,2,0,0,2,-3,-1,-2,1,1,2,0,0,0,0,0,0,0,-3,-1,2,2,3,-3,-3,-3,-2,-2,-3,1,1,0,0,0,-3,1,-2,-3,-3,-3,-3,-3,-3,-3,-3,-3,1,0,5,20,2,-2,401
51,2,1,2,2,3,-2,0,0,-1,-1,-2,-2,-2,-2,1,-1,0,2,-3,-2,-2,0,3,-2,-2,-2,-2,-2,-2,-1,1,-1,0,-1,-2,2,0,-2,0,-2,-2,-2,-3,-2,-2,1,3,0,4,19,2,-1,401
50,3,3,3,-1,3,-3,-3,1,-2,3,-2,-3,-1,-1,-1,-1,-1,-1,-3,-3,-3,-3,3,-1,-1,-1,-1,2,-3,0,0,-2,-2,-2,-3,-2,-3,-3,-3,-3,-3,-3,-3,2,-3,-3,2,1,4,19,2,-3,401
49,2,2,1,-2,3,-3,0,2,2,1,2,0,2,1,-2,0,0,0,-3,-3,-1,2,1,-2,0,0,1,-1,-1,-1,1,0,1,-1,2,2,0,-2,-2,-1,0,0,-3,-3,-1,2,2,0,3,20,5,-1,401
8,2,2,1,-2,3,-2,-2,-1,-2,0,1,0,0,0,0,0,0,1,-3,2,1,2,3,-2,-1,-2,-2,-3,-3,0,0,-2,-3,-3,0,2,2,-3,0,0,0,0,-3,1,-2,3,3,1,6,19,3,1,401
7,2,2,2,0,1,-2,0,0,1,2,0,-2,2,1,1,0,0,2,0,0,0,0,0,0,0,0,0,0,0,0,0,0,0,0,-2,2,0,-2,-2,-1,0,0,-1,-1,-1,-1,-1,1,4,21,3,-1,401
6,2,-1,1,-1,3,-3,-3,1,2,3,2,3,2,0,0,0,0,2,-3,0,0,0,3,0,0,0,0,3,1,-1,1,2,1,1,1,2,2, ,2,0,0,2,-3,-3,1,0,3,1,4,18,4,-3,401
5,0,2,1,2,3,-3,1,2,2,2,1,0,1,1,1,1,1,1,1,2,-2,2,2,1,2,0,0,1,1,1,1,2,2,1,-2,1,0,-3,-3,-3,-3,-3,1,1,-3,1,1,1,5,18,1,-1,401
4,1,-2,-2,1,3,-3,-1,1,2,1,-2,2,-3,-1,0,0,3,-1,1,-3,-2,3,3,1,1,1,-1,-3,-3,1,1,0,0,-1,-1,1,1,-3,2,1,1,-1,-2,-2,1,3,3,1,2,21,2,-3,401
3,2,2,1,0,1,-3,0,-1,1,2,1,-1,2,2,2,2,2,2,-1,-1,3,3,3,0,0,0,1,-1,-1,1,1,1,2,2,3,2,0,-2,0,-1,-1,0,-2,0,3,3,3,1,3,18,6,-1,401
2,2,2,2,2,1,-2,-2,-2,2,2,2,2,2,2,2,2,2,2,-3,-3,-3,2,2,-2,-2,-2,-3,-3,-3,1,1,2,2,2,-2,2,-2,-2,-2,-2,-2,-2,-2,-2,-1,2,2,1,4,21,3,0,401
1,1,2,1,-1,3,-2,0,0,-2,0,0,0,-1,-1,-1,-1,-1,-1,-1,0,2,0,2,-1,-1,0,0,0,0,0,0,1,0,-1,-2,1,0,-3,-3,-3,-2,-1,0,0,0,0,2,1,5,18,2,0,401
10,3,3,2,0,1,-2,-1,-2,0,3,0,0,2,2,2,2,2,2,2,-3,-2,0,3,-3,-2,-2,-2,-2,-2,1,1,-1,0,0,1,0,0,-1,-1,-1,-1,-3,0,-3,-2,0,3,1,4,25,5,0,401
9,2,3,2,3,2,-2,1,2,1,1,0,2,1,1,0,0,0,0,-2,-1,-2,0,3,0,-1,0,0,0,0,1,1,2,2,2,-1,2,1,-3,-2,-1,-1,-2,-2,0,-2,0,2,1,5,17,2,2,401
70,2,2,2,2,2,-2,1,1,2,2,1,-1,2,2,2,2,2,2,-2,1,-1,2,3,1,1,1,1,0,0,1,1,1,1,1,-2,2,-2,-2,2,-2,-1,-2,-3,-1,-1,-1,2,1,4,18,3,-1,401
71,2,2,0,0,3,-3,1,1,1,0,-1,-2,3,2,1,2,2,3,-2,-2,0,0,3,0,0,0,0,0,0,0,1,1,0,1,-3,3,3,-3,0,-3,-3,-3,-3,-3,-3,0,3,1,4,18,5,0,401
72,3,3,2,1,2,-2,0,0,2,2,2,1,3,3,1,0,0,0,-2,2,2,-2,3,2,2,2,2,2,2,1,0,2,2,2,-3,0,2,-3,0,-2,-2,-1,-3,1,2,-3,3,1,4,18,3,0,401
73,3,2,3,-2,2,-2,0,0,1,1,-1,1,0,0,0,0,0,-1,3,2,2,2,2,2,2,2,3,3,3,-1,0,2,2,2,0,3,3,-2,2,-1,-2,-3,2,2,2,2,2,1,4,18,2,3,401
74,2,1,2,1,3,-2,3,-1,-1,0,-2,-1,2,2,1,0,0,0,-3,0,2,2,2,-2,-2,-2,-3,-3,-3,0,1,0,-1,-1,-2,-1,-2,-2,-2,-3,0,-1,-3,-1,0,0,1,1,5,23,3,-1,401
75,2,1,2,2,3,-3,0,1,-2,-1,1,-2,2,3,2,2,2,3,-1,-1,1,2,3,3,3,3,2,1,0,1,0,3,3,3,0,2,3,2,1,1,0,0,0,0,1,2,3,1,4,20,2,3,401
76,-1,1,-2,-2,0,-3,-3,0,1,2,2,2,-3,-3,-3,0,2,0,-3,-3,-3,-3,2,-3,-3,-3,-3,-3,-3,-1,0,2,1,2,-3,0,-2,-3,0,-3,-2,-3,-3,-3,-3,-3,1,1,2,19,2,-3,401
77,2,1,2,-1,2,-1,2,1,2,1,1,-1,2,2,2,1,1,1,-1,-1,-1,0,2,-1,-1,-1,-1,-2,-2,0,1,1,1,1,0,1,-1,-2,1,2,1,-1,-1,-1,-1,0,2,1,6,19,2,-1,401
78,1,1,0,-1,2,-1,0,0,0,2,-1,1,0,0,0,0,0,0,-3,-1,1,1,3,-2,-2,-2,-2,-2,-2,-1,0,3,3,3,3,3,1,-3,-3,-3,-3,-3,-3,0,-3,2,3,1,6,19,2,-1,401
79,2,2,1,-1,3,-3,-1,-1,2,3,0,0,2,2, ,0,0,0,-1,0,-1,1,0,1,1,2,2,0,0,1,0,-2,2,3,1,2,2,1,1,1,1,1,-3,1,1,1,1,1,5,19,5,0,401
80,3,2,2,-1,3,-3,2,-2,3,3,2,0,1,1,0,0,0,2,-3,1,1,0,2,-2,1,-2,-3,-3,-3,-1,0,-1,0,-2,-1,2, ,2,0,1, ,-2,-3,-1,2,0,3,1,6,20,5,0,401
81,1,1,1,1,0,-3,-2,-3,1,0,0,1,-2,0,-1,0,1,2,-3,-3,-3,3,3,-1,-1,0,0,0,0,0,1,0,0,-1,0,1,-1,-3,0,-2,-1,-3,-3,-3,-3,2,3,1,4,20,5,-2,401
82,3,3,3,1,2,-3,0,0,0,0,1,-2,0,0,0,0,0,0,-1,-2,-3,-2,2,0,0,0,0,0,0,0,1,1,0,1,0,0,0,-1,-1,0,0,-1,0,0,0,0,0,1,4,19,4,0,401
83,2,1,1,2,3,-3,0,1,2,3,3,-2,1,1,2,1,1,2,-3,2,2,1,3,-3,-1,-3,-2,-3,-3,1,0,2,2,1,-3,2,-3,-3,2,-3,-3,-3,-3,1,-3,2,2,1,4,30,2,0,401
84,1,1,-2,-1,3,-3,-1,-2,-3,2,-2,-3,2,2,1,1,1,-3,-3,-3,-3,3,3,-2,1,-3,-3,-3,-3,1,0,-2,-2,-3,-3,-2,-3,-3,-3,-3,-3,-3,-3,-3,-3,3,3,1,4,21,1,0,401
85,2,2,1,2,3,-2,1,0,1,1,0,-1,1,0,-1,0,0,0,-1,0,-1,-1,1,2,2,2,1,0,0,-1,0,2,1,1,0,-1,0,-2,-1,-3,-1,0,0,-1,-1,0,0,1,4,21,1,2,401
86,2,2,3,-1,3,-2,2,2,2,2,0,2,2,2,2,0,0,2,0,1,2,2,3,2,2,2,1,0,0,-1,0,2,2,1,-1,1,1,-2,-1,0,-1,-1,-2,-2,-1,0,2,1,3,20,2, ,401
88,0,1,1,1,2,-2,-1,-1,1,1,2,1,-3,-2,-2,1,1,1,-2,0,-2,0,2,-1,-1,-1,1,0,0,1,0,2,2,2,-2,2,-1,-2,1,-1,0,-2,-3,-2,-2,0,2,1,4,20,3,0,401
89,1,1,1,1,0,-3,-2,0,2,2,2,-2,2,2,1,0,0,0,-3,-2,0,3,3,0,-1,0,-3,-3,-3,0,1,0,-1,-1,0,1,0,-2,-2,-1,-1,0,-3,-3,-2,0,3,1,4,22,2,-1,401
90,2,0,-3,0,3,2,-3,1,-3,0,1,-3,2,1,0,0,0,-2,-3,-3,-1,1,3,-2,-2,-2,1,-2,-2,0,1,-2,-3,-3,-2,2,2,-3,-3,-2,-2,-2,-3,-3,-1,-1,3,1,5,20,2,0,401
91,2,3,3,2,3,-3,-1,0,0,0,-1,0,-3,-3,-3,0,0,3,-3,0,0,3,3,2,2,0,3,0,0,1,0,2,2,2,-3,3,0,-3,-3,-3,-2,-3,-3,-3,-3,3,3,1,5,20,2,0,401
92,3,2,1,2,2,-2,2,1,2,2,0,-3,3,2,3,2,2,2,-3,-2,-2,3,3,1,1,1,2,-3,-3,-1,0, , ,3,-3,2,2,-3,1,-3,0,-3,-3,-2,-2,1,3,1,6,20,3,2,401
93,0,1,0,-1,3,-2,0,-1,0,0,1,-2,1,1,0,-2,-2,-2,-3,-3,1,1,3,1,1,0,-2,-3,-3,-1,0,2,2,2,-2,0,-1,-3,0,-1,-1,-2,-3,-3,-2,3,3,1,4,20,3,1,401
94,3,2,2,-1,3,-1,1,2,3,3,3,3,-1,-1,0,0,0,0,-1,-3,-3,3,3,-3,-3,-3,-3,-3,-3,1,0,1,2,-1,-3,-1,0,-3,-3,-3,-3,-3,-3,-3,0,3,3,1,3,18,1,-1,401
96,2,2,-2,-2,2,0,-2,-2,0,-2,0,-2,3,-3,-3,0,0,-3,0,-3,3,3,3,0,-3,2,-1,3,1,1,0,2,2,2,3,3,3,-1,0,2,0,-1,-3,-3,3,3,3,1,6,21,6,-3,401
97,2,2,1,0,1,-2,0,-1,0,0,-1,-2,3,2,2,0,0,2,-2,-1,2,2,2,2,1,1,-1,0,0,0,1,1,1,1,0,1,2,-1,-1,0,0,0,-2,1,2,0,2,1,4,20,3,2,401
98,2,2,1,2,2,-3,2,2,2,3,-2,1,3,2,1,1,1,1,-3,2,2,2,2,-1,-1,-1,-1,-1,-1,1,0,2,2,0,-2,2,1,-2,-2,-1,-2,-2,-3,2,2,2,2,1,6,17,5,-3,401
99,3,1,-1,2,2,-3,0,-2,-1,3,-1,-2,1,1,0,-1,0,0,-3,-3,-3,1,3,2,2,1,-1,-3,-3,-1,0,-1,-2,3,-3,1,-3,-3,-1,-2,-3,-3,-3,-3,-3,1,3,1,4,20,2,0,401
100,3,2,2,2,3,-3,0,-2,1,1,1,0, , , , , ,3,-3,-3,-1,3,3,0,0,0,0,0,0,1,0,0,0,0,1,3,-1,-3,-3,-3,-2,-3,-3,-3,-3,1,3,1,5,18,3,0,401
101,2,2,1,2,3,-2,1,-1,1,1,2,-1,2,2,1,0,0,0,-3,-2,-1,2,2,0,-2,-2,-2,-2,-2,1,0,2,2,2,-2,-1,1,-3,-2,-1,-2,-2,-3,-2,-2,0,1,1,1,19,2,0,401
102, ,-3,-3,-1,0,0,-3,-3,3,3,3,3,0,0,0,0,0,0,-3,-3,-3,-3,3,-3,1,-3,-1,-3,-3,0,1,-3,-3,-3,-2,3,2,-3,0,-3,-3,-3,-3,-3,-3,-3,3,1,1,19,2,-1,401
104,3,2,2,2,3,-3,2,0,0,0,0,-1,0,0,0,0,0,1,-3,-2,-2,1,2,-2,-2,-2,-2,-2,-2,0,1,0,-1,-1,1,1,0,-3,-3,-3,-3,-3,-3,-3,-3,-1,2,1,4,18,2,-3,401
105,-3,-1,-3,-2,3,-1,1,1,1,-3,0,1,-3,-3,-3,-3,-3,-3,-3,1,1,1,3,-3,-3,-3,-3,-3,-3,-1,0,0,0,0,-3,3,2,-2,0,-3,0,0,-3,1,2,2,2,1,4,23,4,-1,401
106,2,3,2,2,3,-3,1,2,0,3,-2,-2,3,3,2,2,2,2,-1,0,2,-1,3,2,2,3,2,2,2,0,1,2,2,2,3,3,2,-3,2,2,2,3,-2,0,3,0,3,1,4,18,5,1,401
107,-3,-3,-2,-1,3,-3,-2,-1,-3,-3,-1,-2,2,0,0,0,0,0,-3,2,3,3,3,-3,-3,-3,-3,-3,-3,-1,0,-1,-1,1,-2,3,3,-1,3,-1,-1,-1,-3,1,3,3,3,1,5,22,2,2,401
108,2,2,1,2,0,-2,0,0,1,1,1,0,0,0,0,0,0,0,-3,3,2,2,2,1,1,1,2,2,2,1,0,1,0,1,-2,2,-2,-3,1,-3,-3,-3,-3,-1,-3,-2,-1,1,4,19,2,-2,401
109,-1,1,0,0,-2,-2,-2,0,0,2,2,0,-3,-2,0,0,1,0,-3,-3,-2,0,2,-3,-3,-3,-2,-3,-3,-1,0,1,1,0,-2,0,-3,-3,-2,-2,-3,-3,-3,-3,-3,0,2,0,5,18,6,-2,401
110,2,3,2,2,3,-2,0,0,2,3,3,0,-2,-1, ,0,2,2,-1,-2,-1,3,3,1,-1,0,-2,-3,-2,-1,0,1,-2,-2,-2,1,-2,-3,2,-2,-2,1,-3,-3,-2,2,2,1,2,20,3,-1,401
111,2,2,2,0,0,-3,-3,-3,3,3,3,-1,-3,0,-3,0,0,0,-3,-1,-2,-3,3,-3,-2,-3,-2,-2,-3,1,0,-2,-2,-2,-3,2,-2,-3,-2,-3,-3,-3,-3,0,-3,0,3,1,4,18,2,0,401
112,1,1,2,2,3,-2,-1,-1,1,2,1,-2,-1,-1,-1,0,0,0,-3,-3,-2,3,3,-3,-2,-3,-2,-3,-3,1,0,1,0,1,-2,0,1,-3,-3,-2,-3,-3,-3,-3,-2,3,3,1,5,20,2,-2,401
113,1,1,-2,-1,3,-3,1,-1,-1,-2,-2,-1,-2,-2,-1,-1,-1,-2,-2,1,2,2,2,1,1,-2,-1,-2,-2,0,1,-1,-1,1,-1,1,3,-1,-1,0,2,2,-2,1,2,2,2,1,4,20,2,-1,401
114,-1,-1,0,0,1,1,-2,0,1,2,1,0,-3,-3,-3,0,1,1,-1,-3,-3,0,2,-3,-3,-3,-2,-3,-3,-1,0,2,0,-1,-2,2,0,-3,-3,-2,-3,-3,-2,-3,-3,0,2,1,4,19,2,-2,401
115,2,1,1,0,1,-2,0,-2,0,0,0,-2,-3,-2,-2,0,2,2,-3,-3,-3,1,2,-3,-2,-3,-3,-3,-3,1,0,-2,-2,2,-3,0,-3,-3,-3,-3,-3,-3,-3,-3,-3,-1,1,1,4,19,6,-2,401
116,1,2,1,2,3,0,-1,-1,1,3,3,-1,-2,-2,-2,0,3,3,-3,0,-3,-2,3,-3,-2,-3,-3,-3,-3,-1,0,0,0,0,-3,3,-3,-3,-2,-3,-3,-3,-3,-3,-3,-3,2,1,3,19,2,-3,401
117,3,2,1,0,2,1,-2,0,0,0,0,0,2,2,1,2,1, ,-3,-3,-3,2,3,1,1,-1,-1,-2,-3,1,0,0,-1,-2,-2,1,1,-2,-3,-3,-3,-3,-3,-3,0,0,3,1,4,20,3,0,401
118,3,3, , ,3,-3,-3,-3,3,3,3,-3,-3,-3,-3, ,3,-3,-3,0,-3,3,3,-3,-3,-3,-3,-3,-3,0,1,-3,-2,-2,-3,-3,-3,-3,-3,-3,-3,-3,-3,-1,-3,3,3,1,5,21,3,-3,401
119,3,1,1,0,1,-2,-1,-2,1,2, ,0,0,0,-2,1,1,2,-3,-2,-2,2,3,1,-2,-3,1,-3,-3,-1,0,-3,-1,-2,-3,2,0,-3,-2,-3,-2,-3,-3,-2,0,3,3,0,5,20,5, ,401
120,3,-1,1,2,2,-3,-3,-1,2,3,0,2,0,-1,0,0,0,1,-2,0,-1,2,3,-3,-2,-3,-1,-3,-3,0,1,1,2,1,-2,0,0,-3,-2,-2,0,-3,-3,1,-3,0,3,1,4,19,3, ,401
121,3,1,2,2,2,-2,-2,-2,0,0,1,-2,-2,-2,-2,-2,-2,-2,-3,-3,-3,0,3,-3,-3,-3,-3,-3,-3,0,1,-1,-2,-2,1,0,0,-3,0,-2,-2,-3,-3,-3,-2,-2,3,0,5,19,2,0,401
122,-1,-1,-1,0,1,-2,-1,0,1,0,0,0,-3,-2,-2,0,1,0,-3,0,-1,3,3,-3,-3,-3,-2,-3,-3,-1,0,1,0,0,-2,0,0,-3,0,-3,-3,0,-3,0,0,0,0,0,4,19,2, ,401
123,1,0,1,0,1,-1,-3,-1,1,1,1,1,-3,-3,-3,2,3,2,1,-2,-2,3,3,-3,-3,-3,-3,-3,-3,1,0,-1,-1,-2,-2,-1,-2,-3,-3,-2,-2,-3,0,-2,-2,2,2,0,4,18,2,-2,401
124,2,2,1,-1,1,-2,1,0,0,1,0,0,3,3,2,0,0,0,2,-2,0,2,3,-1,-1,0,1,2,-1,0,1,-1,-1,-1,0,1,1,-2,-2,-2,-2,-2,2,-2,2,2,2,1,7,19,6,0,401
125,-3,-2,-3,-3,-3,3,-3,-3,3,3,3,2,-3,-3,-3,-3,3,1,-2,-3,-3,3,3,-3,-3,-3,-3,-3,-3,1,0,2,1,-3,-3,-3,-3,-1,-3,-3,-3,-3,-3,2,-3,3,3,0,3,18,6,-3,401
126,0,2,0,0,3,-3,-2,-2,-1,1,1,-2,2,1,1,1,2,2,-2,-2,-2,0,3,0,0,1,0,0,0,1,0,1,0,0,-3,3,-1,-3,-1,-2,-2,-3,-3,-1,-3,-3,1,1,5,19,3,0,401
127,-1,-1,-3,-3,2,-1,-2,0,1,2,1,2,-3,-3, , ,3,0,-2,-3,-3,2,3,-3,-3,-3,-2,-3,-3,-1,0,3,3,3,-3,-2,-3,-3,-2,-3,-3,-3,-3,-2,-2,2,2,1,4,19,2,-2,401
128,-1,1,0,0,-1,-3,0,0,1,2,2,0,-2,-2,-2,1,2,1,-1,-3,-3,1,2,-3,-3,-2,-3,-2,-3,-1,0,1,1,1,0,1,-2,-3,-1,-2,-3,-3,-2,-2,-2,1,1,1,5,19,5,-3,401
129,2,-1,0,0,-1,-3,-3,-1,1,1,1,0,-1,-1,-1,1,1,0,-3,-3,-2,3,3,-3,-3,-2,-2,-3,-3,1,0,-1,-1,-1,-3,-2,-3,-3,-3,-3,-3,-3,-3,-3,-2,3,3,1,5,19,3,-1,401
130,2,2,1,0,3,-3,0,0,0,1,1,2,1,1,2,1,2,1,-2,-1,0,0,3,-1,0,1,0,-1,-1,0,1,2,0,-1,-2,2,-2,-3,2,-3,-3,-3,-3,0,-2,0,2,1,4,18,6,0,401
131,2,2,1,1,3,-2, ,0,3,3,-3,2,-3,-1,0,0,0,2,-1,-3,-3,0,3,-3,-2,-3,-3,-3,-3,0,1,-1,-1,-1,0,1,0,-3,0,-2,-2,-3,-3,-3,-3,0,2,1,4,19,5,-2,401
132,3,2,2,0,2,-3,1,0,-2,0,0,-2,-3,-3,-3,0,0,-2,-1,-1,-1,0,3,0,-1,1,1,0,0,1,0,2,2,2,2,2,2,-1,2,0,1,0,-2,2,3,2,3,1,4,20,1,2,401
133,2,2,-1,-1,1,-3,-2,0,1,2,2,-1,-3,-3,-3,2,2,-1,-2,-3,-1,2,3,-3,-3,-3,-3,-3,-3,-1,0,0,-2,-2,-2,2,-2,-3,1,-2,-2,-3,-2,-3,-2,2,3,0,6,27,6,-2,401
134,3,2,0,2,2,-3,0,-1,1,2,1,0,0,0,0,0,0,1,-3,-3,0,1,3,-3,-3,-3,-3,-3,-3,-1,0,1,0,1,-3,2,-2,-3,2,-3,-2,-3,-3,-3,-3,3,3,1,3,19,3,0,401
135,3,3,1,0,0,1,-2,0,2,2,2,0,-3,-3,-3,2,2,1,-3,0,-3,2,3,-3,-3,-3,-1,-3,-3,0,1,-3,-3,-3,0,-2,-3,-3,0,-1,-3,-3,-3,0,-3,2,3,0,3,18,5,-3,401
136,2,2,2,2,2,-3,0,0,0,2,1,-3,1,1,0,0,0,-1,-3,-2,0,0,3,0,0,-1,-3,-3,-3,1,0,-2,-2,-2,-3,2,-2,-3,2,-3,-3,-3,-3,0,-1,0,3,1,4,18,2,0,401
137,2,2,2,0,-1,-3,-1,-1,2,2,2,-2,-1,1,1,2,3,3,-3,-2,-1,2,3,-2,-1,-1,0,-1,-2,0,1,-3,-2,-2,-2,0,1,-3,0,0,-1,-1,-3,-3,-1,2,3,0,5,26,2,-2,401
138,3,1,1,0,3,-3,1,0,-2,0,-2,0,2,0,0,0,0,1,-1,-2,-3,1,3,-1,-2,-2,-3,-3,-3,0,1,-1,-1,-3,1,1,0,-3,1,-2,-1,-3,-3,-3,-1,-2,3,0,4,19,2,0,401
139,3,3,3,2,0,-2,0,2,0,0,0,-1,1,1,0,0,0,2,-3,-3,-2, ,3,-2,-1,-2,0,-3,-3,0,1,1,1,1,2,0,0,-3,-3,-1,-2,-2,-3,-3,-2,0,3,1,4,19,4,-2,401
140,2,2,2,-1,2,-1,-2,0,1,1,0,1,-2,-2,-2,1,2,2,-3,-3,-2,3,3,-3,1,-3,-1,-3,-3,0,1,-2,-2,-2,-2,0,-1,-3,0,-3,-2,-2,-3,-3,-3,2,2,1,4,20,3,-2,401
141,2,1,2,2,2,-1,-2,-2,0,0,-1,-2,-2,-1,-1,1,-1,1,-2,-1,-1,2,2,-1,1,-1,0,-2,-3,1,0,0,-1,0,-1,1,-1,-3,-3,-2,-2,-2,-3,-2,0,0,2,0,5,18,3,-3,401
142,1,0,-1,-1,2,-1,-3,0,1,2,1,0,-3,-3,-3,0,-2,0,-3,0,-1,0,3,-3,-3,-3,-3,-3,-3,1,0,3,3,3,-2,-2,-2,-2,-2,0,-2,-3,-3,-2,-1,0,2,0,5,19,5,-2,401
143,2,2,2,3,0,-3,0,-2,1,1,2,-1,-2,-2,-1,0,0,1,2,2,-3,3,1,-3,1,-3,1, ,-3,-1,0,-2,-3,-3,-3,2,-2,-3,-3,-3,-3,-3,2,2,-3,3,3,1,3,19,5,-1,401
144,-3,-3,-3,-3,-2,2,0,3,0,3,2,-1,0,0,0,0,0,0,1,-3,2,0,0,2,2,2,-1,0,0,-1,0,0,0,0,0,3,3,-1,1,2,2,0,-2,-3,2,0,0,0,4,21,2,3,401
145,1,1,-2,1,0,0,0,0,1,1,2,1,0,-2,0,0,1,1,-3,-3,-3,0,1,-2,-2,-3,-3,-3,-3,-1,0,1,0,-2,-2,1,-2,-3,0,-3,-3,-3,-3,-3,-3,0,0,1,3,19,2,-2,401
146,3,3,2,2,3,-2,-1,0,0,0,0,0,0,0,0,0,0,3,1,2,2,3,3,-1,2,1,1,-1,-1,0,1,-3,-3,-3,-3,-1,-3,-3,-1,-3,-2,-3,0,0,-1,2,3,1,3,21,2,-2,401
147,2,1,-1,2,0,-3,-2,-3,0,-1,0,-2,0,0,0,0,2,2,3,-3,2,2,-2,1,1,2,-3,-3,-3,-1,0,2,2,2,-1,2,2,-3,-2,-3,0,1,2,-3,-2,2,-1,0,5,19,4,0,401
148,-2,-1,-1,-1,-1,-1,-1,0,1,1,0,0,-3,-3,-2,-1,-1,-1,-3,-3,-1,2,-2,-3,-3,-3,-3,-3,-3,1,0,-1,-3,-3,0,0,-2,-3,-2,-2,-2,-3,-3,-3,0,2,-1,1,7,22,2,-2,401
149,2,2,0,-2,3,-3,1,-2,1,2,-1,1,-2,-2,-2,0,0,1,-3,0,-3,-2,2,-3,-3,-3,0,0,0,-1,0,1,-1,-1,-2,1,0,-3,1,-3,-3,-3,-3,1,-3,-3,3,0,3,20,3,-3,401
150,2,2,0,-1,2,-3,-2,0,0,-1,1,0,0,0,0,0,0,2,-3,1,1,1,3,-3,-2,-3,-3,-2,-3,0,1,-2,-2,-2,-2,2,0,-2,-2,-2,-2,-2,-3,-2,-3,-2,3,1,6,20,6,-2,401
152,2,2,1,0,3,-2,-2,-2,1,2,2,-2,3,2,1,1,1,2,-2,-2,-1,0,2,1,2,1,-1,2,1,1,0,2,1,2,-2,2,0,-3,2,-2,-1,-2,-2,-2,-1,1,2,0,5,19,6,0,401
153,2,0,0,1,-1,-3,-2,-2,2,2,2,-1,0,0,0,0,0,2,-3,-1,-1,0,3,-2,-2,-2,-2,-3,-3,1,0,2,-1,0,0,0,-2,-3,0,-3,-3,-3,-3,-2,-2,0,3,0,4,19,2,-2,401
154,0,1,0,0,1,-3,-1,-2,1,3,2,-2,-3,0,0,0,1,2,-3,0,-3,-3,3,-3,-1,-2,-1,-3,-3,1,0,-1,1,-2,-3,1,0,-3,-3,-3,-3,-3,-3,-2,-3,-3,3,1,4,19,5,-1,401
